CDR3	Epitope	Gene	complex.id
CAASIGAGNMLTF	NLVPMVATV	TRA	1
CAASIGAGNMLTF	NLVPMVATV	TRA	2
CAASSFGNEKLTF	NPVVHFFKNIVTPR	TRA	3
CAASSFGNEKLTF	RLLMLFAKDVVSRN	TRA	4
CAASSFGNEKLTF	QLVHFVRDFAQL	TRA	5
CAESINQGGKLIF	NLVPMVATV	TRA	6
CAESINQGGKLIF	NLVPMVATV	TRA	7
CAESIRSFNKFYF	NLVPMVATV	TRA	8
CAESIRSFNKFYF	NLVPMVATV	TRA	9
CALGEGGAQKLVF	IPLTEEAEL	TRA	10
CALGEGGAQKLVF	IPLTEEAEL	TRA	11
CALGEGGAQKLVF	VPLTEDAEL	TRA	12
CALSEAGTYKYIF	VVVGAVGVGK	TRA	13
CALSEAGTYKYIF	VVVGAVGVGK	TRA	14
CALWNSGNTPLVF	NNSYECDIPIGAGIC	TRA	15
CALWNSGNTPLVF	HWFVTQRNFYEPQII	TRA	16
CAMREGGNYQLIW	NLVPMVATV	TRA	17
CAMREGGNYQLIW	NLVPMVATV	TRA	18
CAMRGDSSYKLIF	ALWGPDPAAA	TRA	19
CAMRGDSSYKLIF	ALWGPDPAAA	TRA	20
CAMRGDSSYKLIF	YQFGPDFPIA	TRA	21
CAMRGDSSYKLIF	RQWGPDPAAV	TRA	22
CAMRGDSSYKLIF	YLGGPDFPTI	TRA	23
CAMRGDSSYKLIF	MVWGPDPLYV	TRA	24
CAMRGDSSYKLIF	RQFGPDFPTI	TRA	25
CAMRGDSSYKLIF	RQFGPDWIVA	TRA	26
CAMRGDSSYKLIF	AQWGPDPAAA	TRA	27
CAMSERNNARLMF	GILGFVFTL	TRA	28
CAMSERNNARLMF	GILGFVFTL	TRA	29
CASSALGSEKLVF	NLVPMVATV	TRA	30
CASSALGSEKLVF	NLVPMVATV	TRA	31
CAVNAGNNRKLIW	NLVPMVATV	TRA	32
CAVNAGNNRKLIW	NLVPMVATV	TRA	33
CAVNALLGNQFYF	ITDQVPFSV	TRA	34
CAVNALLGNQFYF	ILDQVPFSV	TRA	35
CAVNARRNTPLVF	ITDQVPFSV	TRA	36
CAVNARRNTPLVF	IMDQVPFSV	TRA	37
CAVPNSGNTPLVF	PGVLLKEFTVSGNIL	TRA	38
CAVPNSGNTPLVF	PGVLLKEFTVSGNIL	TRA	39
CAVRDGTANNLFF	GILGFVFTL	TRA	40
CAVRDGTANNLFF	GILGFVFTL	TRA	41
CAVRDKNTDKLIF	YLQPRTFLL	TRA	42
CAVRDKNTDKLIF	YLQPRTFLL	TRA	43
CAVRTNSGYALNF	SLYNTVATL	TRA	44
CAVRTNSGYALNF	SLYNTIATL	TRA	45
CAVRTNSGYALNF	SLFNTIAVL	TRA	46
CAVSGANDYKLSF	NLVPMVATV	TRA	47
CAVSGANDYKLSF	NLVPMVATV	TRA	48
CAVSLYNNNDMRF	NLVPMVATV	TRA	49
CAVSLYNNNDMRF	NLVPMVATV	TRA	50
CAVTDNNNNDMRF	NLVPMVATV	TRA	51
CAVTDNNNNDMRF	NLVPMVATV	TRA	52
CILRGSGTYKYIF	RPRGEVRFL	TRA	53
CILRGSGTYKYIF	RPRGEVRFL	TRA	54
CILRGSGTYKYIF	RPRGEVRFL	TRA	55
CIVRAPGRADMRF	FLKEKGGL	TRA	56
CIVRAPGRADMRF	FLKEQGGL	TRA	57
CIVRAPGRADMRF	FLKETGGL	TRA	58
CIVRAPGRADMRF	FLKEMGGL	TRA	59
CVVQPGGYQKVTF	HMTEVVRHC	TRA	60
CVVQPGGYQKVTF	HMTEVVRHC	TRA	61
CVVQPGGYQKVTF	HMTEVVRHC	TRA	62
CAAPGNYGQNFVF	NLNCCSVPV	TRA	63
CAAPGNYGQNFVF	ALLPGLPAA	TRA	64
CAASFAGNTPLVF	NLVPMVATV	TRA	65
CAASFAGNTPLVF	NLVPMVATV	TRA	66
CAGTNTGGFKTIF	NLVPMVATV	TRA	67
CAGTNTGGFKTIF	NLVPMVATV	TRA	68
CADSSSNTGKLIF	GILGFVFTL	TRA	69
CADSSSNTGKLIF	GILGFVFTL	TRA	70
CADSSSNTGKLIF	GILGFVFTL	TRA	71
CALDSGNTGKLIF	GTSGSPIVNR	TRA	72
CALDSGNTGKLIF	GTSGSPIINR	TRA	73
CVLASGGSYIPTF	NLVPMVATV	TRA	74
CVLASGGSYIPTF	NLVPMVATV	TRA	75
CAATPSNTGKLIF	GILGFVFTL	TRA	76
CAATPSNTGKLIF	GILGFVFTL	TRA	77
CAVSPSNTGKLIF	NLVPMVATV	TRA	78
CAVSPSNTGKLIF	NLVPMVATV	TRA	79
CAVTNQAGTALIF	RLPAKAPLL	TRA	80
CAVTNQAGTALIF	RLPAKAPLLGCG	TRA	81
CAVTNQAGTALIF	RLPAKAPL	TRA	82
CAVTNQAGTALIF	RLPAKAPL	TRA	83
CAAAMDSSYKLIF	GADGVGKSAL	TRA	84
CAAAMDSSYKLIF	GADGVGKSAL	TRA	85
CAVRMDSSYKLIF	RYPLTFGWCF	TRA	86
CAVRMDSSYKLIF	RYPLTLGWCF	TRA	87
CAEYTGTASKLTF	NLVPMVATV	TRA	88
CAEYTGTASKLTF	NLVPMVATV	TRA	89
CAVHTGTASKLTF	NLVPMVATV	TRA	90
CAVHTGTASKLTF	NLVPMVATV	TRA	91
CAALIQGAQKLVF	GELIGILNAAKVPAD	TRA	92
CAALIQGAQKLVF	GELIGTLNAAKVPAD	TRA	93
CADSGGGADGLTF	RAKFKQLL	TRA	94
CADSGGGADGLTF	RAKFKQLL	TRA	95
CAVSGGGADGLTF	ALGIGILTV	TRA	96
CAVSGGGADGLTF	EAAGIGILTV	TRA	97
CAVSQGGSEKLVF	RISNCVADYSVLYNS	TRA	98
CAVSQGGSEKLVF	HWFVTQRNFYEPQII	TRA	99
CAWAQGGSEKLVF	NLVPMVATV	TRA	100
CAWAQGGSEKLVF	NLVPMVATV	TRA	101
CAASETSYDKVIF	NLVPMVATV	TRA	102
CAASETSYDKVIF	RAKFKQLL	TRA	103
CAASETSYDKVIF	RAKFKQLL	TRA	104
CASLETSYDKVIF	NLVPMVATV	TRA	105
CASLETSYDKVIF	NLVPMVATV	TRA	106
CATDDDSARQLTF	TAFTIPSI	TRA	107
CATDDDSARQLTF	TAFTIPSI	TRA	108
CATDDDSARQLTF	TAFTIPSI	TRA	109
CATDDDSARQLTF	TAFTIPSI	TRA	110
CATDDDSARQLTF	TAFTIPSI	TRA	111
CATDDDSARQLTF	TAFTIPSI	TRA	112
CATDDDSARQLTF	TAFTIPSI	TRA	113
CATDEDSARQLTF	TAFTIPSI	TRA	114
CATDEDSARQLTF	TAFTIPSI	TRA	115
CAGASGNTGKLIF	GILGFVFTL	TRA	116
CAGATGNTGKLIF	GILGFVFTL	TRA	117
CALGYSSASKIIF	NLVPMVATV	TRA	118
CALGYSSASKIIF	NLVPMVATV	TRA	119
CAEITGGGNKLTF	NLVPMVATV	TRA	120
CAEITGGGNKLTF	NLVPMVATV	TRA	121
CAAALNTNAGKSTF	VGGNYNYLYRLFRKS	TRA	122
CAAALNTNAGKSTF	NNSYECDIPIGAGIC	TRA	123
CAASDQTGANNLFF	NLVPMVATV	TRA	124
CAASDQTGANNLFF	NLVPMVATV	TRA	125
CAASINSGNTPLVF	PPQIAANRSQLISLV	TRA	126
CAASINSGNTPLVF	PPQIAANRSQLISLV	TRA	127
CAASRKGSNYKLTF	NLVPMVATV	TRA	128
CAASRKGSNYKLTF	NLVPMVATV	TRA	129
CAASRKGSNYKLTF	NLVPMVATV	TRA	130
CAASYNTNAGKSTF	NLVPMVATV	TRA	131
CAASYNTNAGKSTF	NLVPMVATV	TRA	132
CADGLRTGFQKLVF	NLVPMVATV	TRA	133
CADGLRTGFQKLVF	NLVPMVATV	TRA	134
CAEILDFGNEKLTF	YLQPRTFLL	TRA	135
CAEILDFGNEKLTF	YLQPRTFLL	TRA	136
CAGGHGGSQGNLIF	NLVPMVATV	TRA	137
CAGGHGGSQGNLIF	NLVPMVATV	TRA	138
CAGPIPPGNEKLTF	NLVPMVATV	TRA	139
CAGPIPPGNEKLTF	NLVPMVATV	TRA	140
CALNPFNAGNMLTF	ALSPVIPHI	TRA	141
CALNPFNAGNMLTF	ALSPVIPHI	TRA	142
CALNPFNAGNMLTF	ALSPVIPHI	TRA	143
CALNPFNAGNMLTF	ALSPVIPHI	TRA	144
CALNPFNAGNMLTF	ALSPVIPHI	TRA	145
CALNPFNAGNMLTF	ALSPVIPHI	TRA	146
CALSEFRGNTPLVF	NLVPMVATV	TRA	147
CALSEFRGNTPLVF	NLVPMVATV	TRA	148
CALSGFYNTDKLIF	LPEPLPQGQLTAY	TRA	149
CALSGFYNTDKLIF	LPEPLPQGQLTAY	TRA	150
CALSGFYNTDKLIF	LPEPLPQGQLTAY	TRA	151
CALSGFYNTDKLIF	LPEPLPQGQLTAY	TRA	152
CALSGFYNTDKLIF	LPEPLPQGQLTAY	TRA	153
CALSGFYNTDKLIF	LPEPLPQGQLTAY	TRA	154
CALSGFYNTDKLIF	LPEPLPQGQLTAY	TRA	155
CALSGFYNTDKLIF	GPEPLPQGQLTAY	TRA	156
CALSGFYNTDKLIF	LPEGLPQGQLTAY	TRA	157
CALSGFYNTDKLIF	LPEPLGQGQLTAY	TRA	158
CALSGFYNTDKLIF	LPEPLPQAQLTAY	TRA	159
CALSGFYNTDKLIF	LPEPLPQGGLTAY	TRA	160
CALSGFYNTDKLIF	LPEPLPQGQGTAY	TRA	161
CALSGFYNTDKLIF	LPEPLPQGQLGAY	TRA	162
CALSGFYNTDKLIF	LPEPLPQGQLTGY	TRA	163
CARLHQTGANNLFF	NLVPMVATV	TRA	164
CARLHQTGANNLFF	NLVPMVATV	TRA	165
CAVGAAEYGNKLVF	NLVPMVATV	TRA	166
CAVGAAEYGNKLVF	NLVPMVATV	TRA	167
CAVGEAGGGNKLTF	ALSPVIPHI	TRA	168
CAVGEAGGGNKLTF	ALSPVIPHI	TRA	169
CAVGEAGGGNKLTF	ALSPVIPHI	TRA	170
CAVGEAGGGNKLTF	ALSPVIPHI	TRA	171
CAVHTQGGSEKLVF	NLVPMVATV	TRA	172
CAVHTQGGSEKLVF	NLVPMVATV	TRA	173
CAVKNGGSQGNLIF	NLVPMVATV	TRA	174
CAVKNGGSQGNLIF	NLVPMVATV	TRA	175
CAVLNSNSGYALNF	NLVPMVATV	TRA	176
CAVLNSNSGYALNF	NLVPMVATV	TRA	177
CAVPSGAGSYQLTF	FLKEKGGL	TRA	178
CAVPSGAGSYQLTF	FLKEQGGL	TRA	179
CAVPSGAGSYQLTF	FLKETGGL	TRA	180
CAVPSGAGSYQLTF	FLKEMGGL	TRA	181
CAVPWGGNTGKLIF	GVYALIAGA	TRA	182
CAVPWGGNTGKLIF	GVYALIAGA	TRA	183
CAVRLIQGAQKLVF	NLVPMVATV	TRA	184
CAVRLIQGAQKLVF	NLVPMVATV	TRA	185
CAVRSDQAGTALIF	NLVPMVATV	TRA	186
CAVRSDQAGTALIF	NLVPMVATV	TRA	187
CAVRSNFGNEKLTF	NLVPMVATV	TRA	188
CAVRSNFGNEKLTF	NLVPMVATV	TRA	189
CAVRSNFGNEKLTF	NLVPMVATV	TRA	190
CAVRSTFNFNKFYF	NLVPMVATV	TRA	191
CAVRSTFNFNKFYF	NLVPMVATV	TRA	192
CAVRVSGGYNKLIF	NLVPMVATV	TRA	193
CAVRVSGGYNKLIF	NLVPMVATV	TRA	194
CAVRVSGGYNKLIF	NLVPMVATV	TRA	195
CAVSWDTGFQKLVF	NLVPMVATV	TRA	196
CAVSWDTGFQKLVF	NLVPMVATV	TRA	197
CIAVSQGGSEKLVF	NLVPMVATV	TRA	198
CIAVSQGGSEKLVF	NLVPMVATV	TRA	199
CLVGSSEGFQKLVF	NLVPMVATV	TRA	200
CLVGSSEGFQKLVF	NLVPMVATV	TRA	201
CVVNIPQAGTALIF	YLQPRTFLL	TRA	202
CVVNIPQAGTALIF	YLQPRTFLL	TRA	203
CVVSDLYNTDKLIF	ALDPHSGHFV	TRA	204
CVVSDLYNTDKLIF	ALDPHSGHFV	TRA	205
CVVSIAGNNRKLIW	NLVPMVATV	TRA	206
CVVSIAGNNRKLIW	NLVPMVATV	TRA	207
CAAPTGFGNEKLTF	NLVPMVATV	TRA	208
CAAPTGFGNEKLTF	NLVPMVATV	TRA	209
CVAPTNFGNEKLTF	NLVPMVATV	TRA	210
CVAPTNFGNEKLTF	NLVPMVATV	TRA	211
CATDLKTSYDKVIF	RLITGRLQSL	TRA	212
CATDLKTSYDKVIF	RLITGRLQSL	TRA	213
CAATPPPSYDKVIF	NLVPMVATV	TRA	214
CAATPPPSYDKVIF	NLVPMVATV	TRA	215
CATDTTSGTYKYIF	ENPVVHFFKNIVTP	TRA	216
CATDTTSGTYKYIF	MDFARVHFISALHGSG	TRA	217
CAVQASGGSYIPTF	EPLPQGQLTAY	TRA	218
CAVQASGGSYIPTF	EPLPQGQLTAY	TRA	219
CAVRGDNYGQNFVF	NLVPMVATV	TRA	220
CAVRGDNYGQNFVF	NLVPMVATV	TRA	221
CAGGGSSNTGKLIF	GILGFVFTL	TRA	222
CAGGGSSNTGKLIF	GILGFVFTL	TRA	223
CAGGGSSNTGKLIF	GILGFVFTL	TRA	224
CAGGGSSNTGKLIF	GILGFVFTL	TRA	225
CAGGGSSNTGKLIF	GILGFVFTL	TRA	226
CAGGGSSNTGKLIF	NLVPMVATV	TRA	227
CAGGGSSNTGKLIF	NLVPMVATV	TRA	228
CIVSDIQGAQKLVF	NLVPMVATV	TRA	229
CIVSDIQGAQKLVF	NLVPMVATV	TRA	230
CAVPVQTSYDKVIF	NLVPMVATV	TRA	231
CAVPVQTSYDKVIF	NLVPMVATV	TRA	232
CAGRDGGSQGNLIF	GILGFVFTL	TRA	233
CAGRDGGSQGNLIF	GILGFVFTL	TRA	234
CAAAASGGSYIPTF	EPLPQGQLTAY	TRA	235
CAVAASGGSYIPTF	EPLPQGQLTAY	TRA	236
CLVGDGAGYSTLTF	DATYQRTRALVR	TRA	237
CLVGDGSGYSTLTF	DATYQRTRALVR	TRA	238
CALLNSGGYQKVTF	STRQALRPRADGPVG	TRA	239
CALMNSGGYQKVTF	STRQALRPRADGPVG	TRA	240
CAGPRETSYDKVIF	NLVPMVATV	TRA	241
CAGPRETSYDKVIF	NLVPMVATV	TRA	242
CAGPRKTSYDKVIF	NLVPMVATV	TRA	243
CAGPRQTSYDKVIF	NLVPMVATV	TRA	244
CAGPMKTSYDKVIF	NLVPMVATV	TRA	245
CAGPMKTSYDKVIF	NLVPMVATV	TRA	246
CAGPMKTSYDKVIF	NLVPMVATV	TRA	247
CAGPMKTSYDKVIF	NLVPMVATV	TRA	248
CAGPMKTSYDKVIF	NLVPMVATV	TRA	249
CAGPMKTSYDKVIF	NLVPMVATV	TRA	250
CAGPMKTSYDKVIF	NLVPMVATV	TRA	251
CAGADGGSQGNLIF	GILGFVFTL	TRA	252
CAGADGGSQGNLIF	GILGFVFTL	TRA	253
CAGADGGSQGNLIF	GILGFVFTL	TRA	254
CAGAEGGSQGNLIF	GILGFVFTL	TRA	255
CAGAEGGSQGNLIF	GILGFVFTL	TRA	256
CAGAGGGSQGNLIF	GILGFVFTL	TRA	257
CAGAGGGSQGNLIF	GILGFVFTL	TRA	258
CAGAGGGSQGNLIF	GILGFVFTL	TRA	259
CAGAGGGSQGNLIF	GILGFVFTL	TRA	260
CAGAGGGSQGNLIF	GILGFVFTL	TRA	261
CAGAGGGSQGNLIF	GILGFVFTL	TRA	262
CAGAGGGSQGNLIF	GILGFVFTL	TRA	263
CAGAYGGSQGNLIF	GILGFVFTL	TRA	264
CAGAYGGSQGNLIF	GILGFVFTL	TRA	265
CAGNYGGSQGNLIF	GILGFVFTL	TRA	266
CAGNYGGSQGNLIF	GILGFVFTL	TRA	267
CAGNYGGSQGNLIF	GILGFVFTL	TRA	268
CAGNYGGSQGNLIF	GILGFVFTL	TRA	269
CAGNYGGSQGNLIF	GILGFVFTL	TRA	270
CAGNYGGSQGNLIF	GILGFVFTL	TRA	271
CAGSYGGSQGNLIF	GILGFVFTL	TRA	272
CAALITQGGSEKLVF	NLVPMVATV	TRA	273
CAALITQGGSEKLVF	NLVPMVATV	TRA	274
CAAPYSGGSNYKLTF	NLVPMVATV	TRA	275
CAAPYSGGSNYKLTF	NLVPMVATV	TRA	276
CAARGIGSGTYKYIF	HPVGEADYFEY	TRA	277
CAARGIGSGTYKYIF	HPVGEADYFEY	TRA	278
CAASAGGGSQGNLIF	GILGFVFTL	TRA	279
CAASAGGGSQGNLIF	GILGFVFTL	TRA	280
CAASFIHNQGGKLIF	NLVPMVATV	TRA	281
CAASFIHNQGGKLIF	NLVPMVATV	TRA	282
CAASFIIQGAQKLVF	GILGFVFTL	TRA	283
CAASFIIQGAQKLVF	GILGFVFTL	TRA	284
CAASGTQTGANNLFF	NLVPMVATV	TRA	285
CAASGTQTGANNLFF	NLVPMVATV	TRA	286
CAASGTQTGANNLFF	NLVPMVATV	TRA	287
CAASGTQTGANNLFF	NLVPMVATV	TRA	288
CAEIQASGGSYIPTF	NLVPMVATV	TRA	289
CAEIQASGGSYIPTF	NLVPMVATV	TRA	290
CAGQPLGGSNYKLTF	VMAPRTLIL	TRA	291
CAGQPLGGSNYKLTF	VMAPRTLVL	TRA	292
CALIPVYNQGGKLIF	NLVPMVATV	TRA	293
CALIPVYNQGGKLIF	NLVPMVATV	TRA	294
CALSGIGGSQGNLIF	GILGFVFTL	TRA	295
CALSGIGGSQGNLIF	GILGFVFTL	TRA	296
CALSGIGGSQGNLIF	GILGFVFTL	TRA	297
CAMRDLRDNFNKFYF	KRWIILGLNK	TRA	298
CAMRDLRDNFNKFYF	KRWIIMGLNK	TRA	299
CAMREDSIGNTPLVF	NLVPMVATV	TRA	300
CAMREDSIGNTPLVF	NLVPMVATV	TRA	301
CAMREGHTNAGKSTF	NLVPMVATV	TRA	302
CAMREGHTNAGKSTF	NLVPMVATV	TRA	303
CAMREGQYNFNKFYF	NLVPMVATV	TRA	304
CAMREGQYNFNKFYF	NLVPMVATV	TRA	305
CATDAGYNQGGKLIF	VEELYLVAGEEGCGGGGSL	TRA	306
CATDAGYNQGGKLIF	VEELYLVAGEEGCGGGGSL	TRA	307
CAVDSATSGTYKYIF	PKYVKQNTLKLAT	TRA	308
CAVDSATSGTYKYIF	ILAKFLHWL	TRA	309
CAVLSSGGSNYKLTF	YLEPGPVTV	TRA	310
CAVLSSGGSNYKLTF	YLEPGPVTA	TRA	311
CAVNPPDTGFQKLVF	VVVGAVGVGK	TRA	312
CAVNPPDTGFQKLVF	VVVGAVGVGK	TRA	313
CAVPPAVYNFNKFYF	EAAGIGILTV	TRA	314
CAVPPAVYNFNKFYF	EAAGIGILTV	TRA	315
CAVRDRDNYGQNFVF	NLVPMVATV	TRA	316
CAVRDRDNYGQNFVF	NLVPMVATV	TRA	317
CAVRDRNNAGNMLTF	NLVPMVATV	TRA	318
CAVRDRNNAGNMLTF	NLVPMVATV	TRA	319
CAVRPLLDGTYIPTF	SLLMWITQC	TRA	320
CAVRPLLDGTYIPTF	SLLMWITQC	TRA	321
CAVRPLLDGTYIPTF	SLLMWITQC	TRA	322
CAVRPTSGGSYIPTF	SLLMWITQV	TRA	323
CAVRPTSGGSYIPTF	SLLMWITQC	TRA	324
CAVRPTSGGSYIPTF	SLLMWITQC	TRA	325
CAVRPTSGGSYIPTF	SLLMWITQC	TRA	326
CAVRPTSGGSYIPTF	SLLMWITQV	TRA	327
CAVRPTSGGSYIPTF	SLLMWITQC	TRA	328
CAVRPTSGGSYIPTF	SLLMWITQC	TRA	329
CAVSESPFGNEKLTF	PKYVKQNTLKLAT	TRA	330
CAVSESPFGNEKLTF	PKYVKQNTLKLAT	TRA	331
CIVRGLNNAGNMLTF	TPQDLNTML	TRA	332
CIVRGLNNAGNMLTF	TPQDLNTML	TRA	333
CIVRVGYTGFQKLVF	NLVPMVATV	TRA	334
CIVRVGYTGFQKLVF	NLVPMVATV	TRA	335
CLVGDIQGGGGKLIF	NLVPMVATV	TRA	336
CLVGDIQGGGGKLIF	NLVPMVATV	TRA	337
CLVGDSYSSASKIIF	NLVPMVATV	TRA	338
CLVGDSYSSASKIIF	NLVPMVATV	TRA	339
CLVGEILDNFNKFYF	APRGPHGGAASGL	TRA	340
CLVGEILDNFNKFYF	APRGPHGGAASGL	TRA	341
CLVGSSFNQGGKLIF	RMYSPVSIL	TRA	342
CLVGSSFNQGGKLIF	RMYSPVSI	TRA	343
CAASVRGSTLGRLYF	DFHFEVFNFVPCSI	TRA	344
CAASVRGSTLGRLYF	DFHFEVFNFVPCSI	TRA	345
CAASVRGSTLGRLYF	DFHFEVFNFVPCSI	TRA	346
CALSSRGSTLGRLYF	RMEQVDWTV	TRA	347
CALSSRGSTLGRLYF	KLEFMDWRL	TRA	348
CALSSRGSTLGRLYF	WLDNFELCL	TRA	349
CALSSRGSTLGRLYF	TLEYMDWLV	TRA	350
CALSSRGSTLGRLYF	EMMLFDWKV	TRA	351
CALSSRGSTLGRLYF	KLEQLDWTV	TRA	352
CALSSRGSTLGRLYF	TMETIDWKV	TRA	353
CALSSRGSTLGRLYF	TLEELDWCL	TRA	354
CALSSRGSTLGRLYF	LLEDLDWDV	TRA	355
CALSSRGSTLGRLYF	VLEEVDWLI	TRA	356
CALSSRGSTLGRLYF	NMEYMTWDV	TRA	357
CALSSRGSTLGRLYF	NVEYYDIKL	TRA	358
CATDGGGGSQGNLIF	GILGFVFTL	TRA	359
CATDGGGGSQGNLIF	GILGFVFTL	TRA	360
CATDGGGGSQGNLIF	GILGFVFTL	TRA	361
CAVGGDGGSQGNLIF	GILGFVFTL	TRA	362
CAVGGDGGSQGNLIF	GILGFVFTL	TRA	363
CAVTLNNNAGNMLTF	NLVPMVATV	TRA	364
CAVTLNNNAGNMLTF	NLVPMVATV	TRA	365
CAVTLNNNAGNMLTF	NLVPMVATV	TRA	366
CAVRSLNSGNTPLVF	NLVPMVATV	TRA	367
CAVRSLNSGNTPLVF	NLVPMVATV	TRA	368
CAVPLYGGATNKLIF	NLVPMVATV	TRA	369
CAVPLYGGATNKLIF	NLVPMVATV	TRA	370
CLVGDMDQAGTALIF	GADGVGKSAL	TRA	371
CLVGDMDQAGTALIF	GADGVGKSAL	TRA	372
CAGLNYGGSQGNLIF	NCTFEYVSQPFLMDL	TRA	373
CAGMNYGGSQGNLIF	NCTFEYVSQPFLMDL	TRA	374
CAGMNYGGSQGNLIF	NCTFEYVSQPFLMDL	TRA	375
CAGMNYGGSQGNLIF	NCTFEYVSQPFLMDL	TRA	376
CAGMNYGGSQGNLIF	NCTFEYVSQPFLMDL	TRA	377
CAGMNYGGSQGNLIF	NCTFEYVSQPFLMDL	TRA	378
CAGQNYGGSQGNLIF	NCTFEYVSQPFLMDL	TRA	379
CAGQNYGGSQGNLIF	NCTFEYVSQPFLMDL	TRA	380
CAGQNYGGSQGNLIF	NCTFEYVSQPFLMDL	TRA	381
CAGQNYGGSQGNLIF	NCTFEYVSQPFLMDL	TRA	382
CAGQNYGGSQGNLIF	NCTFEYVSQPFLMDL	TRA	383
CAGQNYGGSQGNLIF	NCTFEYVSQPFLMDL	TRA	384
CAGQNYGGSQGNLIF	NCTFEYVSQPFLMDL	TRA	385
CAGADGSGNTGKLIF	GILGFVFTL	TRA	386
CAGADGSGNTGKLIF	GILGFVFTL	TRA	387
CAGADGSGNTGKLIF	GILGFVFTL	TRA	388
CAGADGSSNTGKLIF	GILGFVFTL	TRA	389
CAGASGSSNTGKLIF	GILGFVFTL	TRA	390
CAGASGSSNTGKLIF	GILGFVFTL	TRA	391
CAGASGSSNTGKLIF	GILGFVFTL	TRA	392
CAGAFGSSNTGKLIF	GILGFVFTL	TRA	393
CAGAFGSSNTGKLIF	GILGFVFTL	TRA	394
CAGAFGSSNTGKLIF	GILGFVFTL	TRA	395
CAGAFGSSNTGKLIF	GILGFVFTL	TRA	396
CAGAFGSSNTGKLIF	GILGFVFTL	TRA	397
CAGAFGSSNTGKLIF	GILGFVFTL	TRA	398
CAGAIGSSNTGKLIF	GILGFVFTL	TRA	399
CAGPGGSSNTGKLIF	GILGFVFTL	TRA	400
CAGPGGSSNTGKLIF	GILGFVFTL	TRA	401
CATEGRMDSSYKLIF	TPRVTGGGAM	TRA	402
CATEGRMDSSYKLIF	TPRVTGGGAM	TRA	403
CAASGLNNNAGNMLTF	NLVPMVATV	TRA	404
CAASGLNNNAGNMLTF	NLVPMVATV	TRA	405
CAASRGSGAGSYQLTF	NLVPMVATV	TRA	406
CAASRGSGAGSYQLTF	NLVPMVATV	TRA	407
CAEIPNYGGSQGNLIF	NLVPMVATV	TRA	408
CAEIPNYGGSQGNLIF	NLVPMVATV	TRA	409
CAEIPNYGGSQGNLIF	NLVPMVATV	TRA	410
CAEIPNYGGSQGNLIF	NLVPMVATV	TRA	411
CAEIPNYGGSQGNLIF	NLVPMVATV	TRA	412
CAFMGYSGAGSYQLTF	HMTEVVRHC	TRA	413
CAFMGYSGAGSYQLTF	HMTEVVRHC	TRA	414
CAFMGYSGAGSYQLTF	HMTEVVRHC	TRA	415
CAFMKPKGGSNYKLTF	NLVPMVATV	TRA	416
CAFMKPKGGSNYKLTF	NLVPMVATV	TRA	417
CAGPSEPGDSNYQLIW	GILGFVFTL	TRA	418
CAGPSEPGDSNYQLIW	GILGFVFTL	TRA	419
CAGPSEPGDSNYQLIW	GILGFVFTL	TRA	420
CALITALNNAGNMLTF	NLVPMVATV	TRA	421
CALITALNNAGNMLTF	NLVPMVATV	TRA	422
CALSEAGMDSNYQLIW	SMGVTYEM	TRA	423
CALSEAGMDSNYQLIW	YMGVSYEM	TRA	424
CALSEAGMDSNYQLIW	YMGVVYEM	TRA	425
CALSEAGMDSNYQLIW	KMGVTYEM	TRA	426
CALSEAGMDSNYQLIW	FMGVTYEM	TRA	427
CALSEARGGATNKLIF	LMDMHNGQL	TRA	428
CALSEARGGATNKLIF	RLDAMNGQL	TRA	429
CALSEARGGATNKLIF	RMDYNNMQM	TRA	430
CALSEARGGATNKLIF	GMDYHNGHL	TRA	431
CALSEARGGATNKLIF	KMDYFSGQL	TRA	432
CALSEARGGATNKLIF	SMDWFQGQM	TRA	433
CALSEARGGATNKLIF	LMDYWQGQL	TRA	434
CALSEARGGATNKLIF	NMMWFQGQL	TRA	435
CALSEARGGATNKLIF	VLDLFQGQL	TRA	436
CALSEARGGATNKLIF	MMDFFNAQM	TRA	437
CALSEARGGATNKLIF	TMDFYQGQL	TRA	438
CALSEARGGATNKLIF	KMDYFSGQL	TRA	439
CALSEARGGATNKLIF	SMDWFQGQM	TRA	440
CALSEARGGATNKLIF	LMDYWQGQL	TRA	441
CALSEARGGATNKLIF	NMMWFQGQL	TRA	442
CALSEARGGATNKLIF	MMDFFNAQM	TRA	443
CALSEENTSGTYKYIF	NLVPMVATV	TRA	444
CALSEENTSGTYKYIF	NLVPMVATV	TRA	445
CALSETLTSGTYKYIF	NLVPMVATV	TRA	446
CALSETLTSGTYKYIF	NLVPMVATV	TRA	447
CALSPRTQGGSEKLVF	NLVPMVATV	TRA	448
CALSPRTQGGSEKLVF	NLVPMVATV	TRA	449
CAMSGLKEDSSYKLIF	HMTEVVRHC	TRA	450
CAMSGLKEDSSYKLIF	HMTEVVRHC	TRA	451
CAVGLDRGSTLGRLYF	NLVPMVATV	TRA	452
CAVGLDRGSTLGRLYF	NLVPMVATV	TRA	453
CAVGNAITSSSDKLIF	NLVPMVATV	TRA	454
CAVGNAITSSSDKLIF	NLVPMVATV	TRA	455
CAVRDRWSGGYQKVTF	NLVPMVATV	TRA	456
CAVRDRWSGGYQKVTF	NLVPMVATV	TRA	457
CAVRERNAGNNRKLIW	NLVPMVATV	TRA	458
CAVRERNAGNNRKLIW	NLVPMVATV	TRA	459
CAVRERNAGNNRKLIW	NLVPMVATV	TRA	460
CAVRERNAGNNRKLIW	NLVPMVATV	TRA	461
CAVRGYSGGGADGLTF	VVMSWAPPV	TRA	462
CAVRGYSGGGADGLTF	VVMSWAPPV	TRA	463
CAVRMGGGAGYSTLTF	NLVPMVATV	TRA	464
CAVRMGGGAGYSTLTF	NLVPMVATV	TRA	465
CAVSEGSNFGNEKLTF	NLVPMVATV	TRA	466
CAVSEGSNFGNEKLTF	NLVPMVATV	TRA	467
CAVSGGRGSTLGRLYF	DFHFEVFNFVPCSI	TRA	468
CAVSGGRGSTLGRLYF	DFHFEVFNFVPCSI	TRA	469
CAYRSLPTNAGNMLTF	RAQAPPPSW	TRA	470
CAYRSLPTNAGNMLTF	RAQAPPPSW	TRA	471
CAYRSLPTNAGNMLTF	RAQAPPPSW	TRA	472
CAYRSLPTNAGNMLTF	RAQAPPPSW	TRA	473
CILPLAGGTSYGKLTF	FLRGRAYGL	TRA	474
CILPLAGGTSYGKLTF	EEYLKAWTF	TRA	475
CILPLAGGTSYGKLTF	EEYLQAFTY	TRA	476
CILPLAGGTSYGKLTF	FLRGRAYGL	TRA	477
CILPLAGGTSYGKLTF	FLRGRAYGL	TRA	478
CILPLAGGTSYGKLTF	FLRGRAYGL	TRA	479
CILPLAGGTSYGKLTF	FLRGRAYGL	TRA	480
CILPLAGGTSYGKLTF	FLRGRAYGL	TRA	481
CILPLAGGTSYGKLTF	FLRGRAYGL	TRA	482
CLVGDFNSNSGYALNF	GARGVGKSAL	TRA	483
CLVGDFNSNSGYALNF	GARGVGKSAL	TRA	484
CLVGDLGANAGNMLTF	FNNFTVSFWLRVPKVSASHLE	TRA	485
CLVGDLGANAGNMLTF	FNNFTVSFWLRVPKVSASHLE	TRA	486
CVVNEGPGAGSYQLTF	NLVPMVATV	TRA	487
CVVNEGPGAGSYQLTF	NLVPMVATV	TRA	488
CIEHTNSGGSNYKLTF	TAAQAAVVRFQEAAN	TRA	489
CIVHTNSGGSNYKLTF	TAAQAAVVRFQEAAN	TRA	490
CAAEDNTDKLIF	NLVPMVATV	TRA	491
CAAEDNTDKLIF	NLVPMVATV	TRA	492
CAAILADYKLSF	NLVPMVATV	TRA	493
CAAILADYKLSF	NLVPMVATV	TRA	494
CAAKGGSEKLVF	NLVPMVATV	TRA	495
CAAKGGSEKLVF	NLVPMVATV	TRA	496
CAEKLAGTALIF	NLVPMVATV	TRA	497
CAEKLAGTALIF	NLVPMVATV	TRA	498
CAESPAGTALIF	NLVPMVATV	TRA	499
CAESPAGTALIF	NLVPMVATV	TRA	500
CAFGRGAQKLVF	RPRGEVRFL	TRA	501
CAFGRGAQKLVF	RPRGEVRFL	TRA	502
CAFGRGAQKLVF	RPRGEVRFL	TRA	503
CAFGRGAQKLVF	RPRGEVRFL	TRA	504
CAFGRGAQKLVF	RPRGEVRFL	TRA	505
CALDIYPHDMRF	HMTEVVRHC	TRA	506
CALDIYPHDMRF	HMTEVVRHC	TRA	507
CALFAGSYIPTF	NLVPMVATV	TRA	508
CALFAGSYIPTF	NLVPMVATV	TRA	509
CAMRANTDKLIF	MTEYKLVVVGAGDVGKSALTIQLI	TRA	510
CAMRANTDKLIF	MTEYKLVVVGAGDVGKSALTIQLI	TRA	511
CATDAGPEKLVF	SPRWYFYYL	TRA	512
CATDAGPEKLVF	SPRWYFYYL	TRA	513
CATDATSDKLIF	NLVPMVATV	TRA	514
CATDATSDKLIF	NLVPMVATV	TRA	515
CATVGTASKLTF	NLVPMVATV	TRA	516
CATVGTASKLTF	NLVPMVATV	TRA	517
CATVGTASKLTF	NLVPMVATV	TRA	518
CAVDTNTDKLIF	KLFEFLVYGV	TRA	519
CAVDTNTDKLIF	KLFEFLVYGV	TRA	520
CAVDTNTDKLIF	KLFEFLVYGV	TRA	521
CAVIGSAGKSTF	NLVPMVATV	TRA	522
CAVIGSAGKSTF	NLVPMVATV	TRA	523
CAVLTLNARLMF	NLVPMVATV	TRA	524
CAVLTLNARLMF	NLVPMVATV	TRA	525
CAVMDSSYKLIF	NLVPMVATV	TRA	526
CAVMDSSYKLIF	NLVPMVATV	TRA	527
CAVNFGGGKLIF	ELAGIGILTV	TRA	528
CAVNFGGGKLIF	AAGIGILTV	TRA	529
CAVNFGGGKLIF	ELAGIGILTV	TRA	530
CAVNFGGGKLIF	SMLGIGIVPV	TRA	531
CAVNFGGGKLIF	MMWDRGLGMM	TRA	532
CAVNFGGGKLIF	AAGIGILTV	TRA	533
CAVNFGGGKLIF	ELAGIGILTV	TRA	534
CAVNFGGGKLIF	AAGIGILTV	TRA	535
CAVNFGGGKLIF	AAGIGILTV	TRA	536
CAVRDISARLMF	NLVPMVATV	TRA	537
CAVRDISARLMF	NLVPMVATV	TRA	538
CAVRGAGYALNF	NLVPMVATV	TRA	539
CAVRGAGYALNF	NLVPMVATV	TRA	540
CAVRNNNARLMF	NLVPMVATV	TRA	541
CAVRNNNARLMF	NLVPMVATV	TRA	542
CAVWGNTGKLIF	NLVPMVATV	TRA	543
CAVWGNTGKLIF	NLVPMVATV	TRA	544
CAVWRAGNMLTF	NLVPMVATV	TRA	545
CAVWRAGNMLTF	NLVPMVATV	TRA	546
CGLGDAGNMLTF	GTSGSPIVNR	TRA	547
CGLGDAGNMLTF	GTSGSPIINR	TRA	548
CGLGDAGNMLTF	GTSGSPIVNR	TRA	549
CGLGDAGNMLTF	GTSGSPIINR	TRA	550
CIVWGGYQKVTF	EENLLDFVRF	TRA	551
CIVWGGYQKVTF	EENLLDFVRF	TRA	552
CLVGGLARDMRF	LQPFPQPELPYGSGGS	TRA	553
CLVGGLARDMRF	LQPFPQPELPYGSGGS	TRA	554
CAADNQGGKLIF	GILGFVFTL	TRA	555
CAADNQGGKLIF	GILGFVFTL	TRA	556
CAADNQGGKLIF	GILGFVFTL	TRA	557
CAADNQGGKLIF	GILGFVFTL	TRA	558
CAAENQGGKLIF	NLVPMVATV	TRA	559
CAAENQGGKLIF	NLVPMVATV	TRA	560
CAAENQGGKLIF	NLVPMVATV	TRA	561
CAFKAAGNKLTF	RFYKTLRAEQASQ	TRA	562
CAFKAAGNKLTF	RFYKTLRAEQASQ	TRA	563
CAFKAAGNKLTF	RFYKTLRAEQASQ	TRA	564
CAFKAAGNKLTF	RFYKTLRAEQASQ	TRA	565
CVASGGTGKLIF	RPRGEVRFL	TRA	566
CVASGGTGKLIF	RPRGEVRFL	TRA	567
CVASGGTGKLIF	RPRGEVRFL	TRA	568
CVASGGTGKLIF	RPRGEVRFL	TRA	569
CIAFQGAQKLVF	APQPELPYPQPGS	TRA	570
CIAFQGAQKLVF	AVVQSELPYPEGS	TRA	571
CALNQAGTALIF	NLVPMVATV	TRA	572
CALNQAGTALIF	NLVPMVATV	TRA	573
CAVNQAGTALIF	NLVPMVATV	TRA	574
CAVNQAGTALIF	NLVPMVATV	TRA	575
CAFPYNNNDMRF	NLVPMVATV	TRA	576
CAFPYNNNDMRF	NLVPMVATV	TRA	577
CAFPYNNNDMRF	NLVPMVATV	TRA	578
CAFPYNNNDMRF	NLVPMVATV	TRA	579
CAGGYNNNDMRF	YPDKVFRSSV	TRA	580
CAGGYNNNDMRF	YPDKVFRSSV	TRA	581
CAVTYNNNDMRF	NLVPMVATV	TRA	582
CAVTYNNNDMRF	NLVPMVATV	TRA	583
CAVGGSQGNLIF	GILGFVFTL	TRA	584
CAVGGSQGNLIF	HWFVTQRNFYEPQII	TRA	585
CIAGGSQGNLIF	NLVPMVATV	TRA	586
CIAGGSQGNLIF	NLVPMVATV	TRA	587
CAGAGSQGNLIF	GILGFVFTL	TRA	588
CAGAGSQGNLIF	GILGFVFTL	TRA	589
CAGAGSQGNLIF	GILGFVFTL	TRA	590
CAGAGSQGNLIF	GILGFVFTL	TRA	591
CAGAGSQGNLIF	PKYVKQNTLKLAT	TRA	592
CAGAGSQGNLIF	GILGLVFTL	TRA	593
CAGAGSQGNLIF	GILEFVFTL	TRA	594
CAGAGSQGNLIF	GILGFVFTL	TRA	595
CAGAGSQGNLIF	GILGFVFTL	TRA	596
CAGAGSQGNLIF	GILGFVFTL	TRA	597
CAGAGSQGNLIF	GILGFVFTL	TRA	598
CAGAGSQGNLIF	GILGFVFTL	TRA	599
CAGAGSQGNLIF	GILGFVFTL	TRA	600
CAGAGSQGNLIF	GILGFVFTL	TRA	601
CAGPGSQGNLIF	GILGFVFTL	TRA	602
CAGPGSQGNLIF	GILGFVFTL	TRA	603
CALIQGAQKLVF	IVTDFSVIK	TRA	604
CALIQGAQKLVF	TLYSLTLLY	TRA	605
CALLQGAQKLVF	MTEYKLVVVGAVGVGKSALTIQLI	TRA	606
CAGGGGADGLTF	ELAGIGILTV	TRA	607
CAVGGGADGLTF	ELAGIGILTV	TRA	608
CAVGGGADGLTF	ELAGIGILTV	TRA	609
CAGGGGADGLTF	RLARLALVL	TRA	610
CASGGGADGLTF	RLARLALVL	TRA	611
CAPMDSNYQLIW	CVNGSCFTV	TRA	612
CAVLDSNYQLIW	NLVPMVATV	TRA	613
CAVLDSNYQLIW	NLVPMVATV	TRA	614
CAVRDSNYQLIW	NLVPMVATV	TRA	615
CAVRDSNYQLIW	NLVPMVATV	TRA	616
CAVTDSNYQLIW	NLVPMVATV	TRA	617
CAVTDSNYQLIW	NLVPMVATV	TRA	618
CAAGGSQGNLIF	GILGFVFTL	TRA	619
CAAGGSQGNLIF	GILGFVFTL	TRA	620
CAAGGSQGNLIF	GILGFVFTL	TRA	621
CAAGGSQGNLIF	GILGFVFTL	TRA	622
CAGGGSQGNLIF	GILGFVFTL	TRA	623
CAGGGSQGNLIF	GILGFVFTL	TRA	624
CAGGGSQGNLIF	GILGFVFTL	TRA	625
CAGGGSQGNLIF	GILGFVFTL	TRA	626
CAGGGSQGNLIF	GILGFVFTL	TRA	627
CAGGGSQGNLIF	GILGFVFTL	TRA	628
CAGGGSQGNLIF	GILGFVFTL	TRA	629
CAGGGSQGNLIF	GILGFVFTL	TRA	630
CAGGGSQGNLIF	GILGFVFTL	TRA	631
CAGGGSQGNLIF	GILGFVFTL	TRA	632
CAGGGSQGNLIF	GILGFVFTL	TRA	633
CAGGGSQGNLIF	GILGFVFTL	TRA	634
CAGGGSQGNLIF	GILGFVFTL	TRA	635
CAGGGSQGNLIF	GILGFVFTL	TRA	636
CAGGGSQGNLIF	GILGFVFTL	TRA	637
CAGGGSQGNLIF	GILGFVFTL	TRA	638
CAGGGSQGNLIF	GILGFVFTL	TRA	639
CAGGGSQGNLIF	GILGFVFTL	TRA	640
CAGGGSQGNLIF	GILGFVFTL	TRA	641
CAGGGSQGNLIF	GILGFVFTL	TRA	642
CAGGGSQGNLIF	GILGFVFTL	TRA	643
CAGGGSQGNLIF	GILGFVFTL	TRA	644
CAGGGSQGNLIF	GILGFVFTL	TRA	645
CAGGGSQGNLIF	GILGFVFTL	TRA	646
CAGGGSQGNLIF	GILGFVFTL	TRA	647
CAGGGSQGNLIF	GILGFVFTL	TRA	648
CAGGGSQGNLIF	GILGFVFTL	TRA	649
CAGGGSQGNLIF	GILGFVFTL	TRA	650
CAGGGSQGNLIF	GILGFVFTL	TRA	651
CAGGGSQGNLIF	GILGFVFTL	TRA	652
CAGGGSQGNLIF	GILGFVFTL	TRA	653
CAGGGSQGNLIF	GILGFVFTL	TRA	654
CAGGGSQGNLIF	GILGFVFTL	TRA	655
CAGGGSQGNLIF	GILGFVFTL	TRA	656
CAGGGSQGNLIF	GILGFVFTL	TRA	657
CAGGGSQGNLIF	GILGFVFTL	TRA	658
CAGGGSQGNLIF	GILGFVFTL	TRA	659
CAGGGSQGNLIF	GILGFVFTL	TRA	660
CAAGGSQGNLIF	GILGFVFTL	TRA	661
CAAGGSQGNLIF	GILGFVFTL	TRA	662
CAVGGSQGNLIF	GILGFVFTL	TRA	663
CAVGGSQGNLIF	GILGFVFTL	TRA	664
CAAQGSQGNLIF	GILGFVFTL	TRA	665
CAAQGSQGNLIF	GILGFVFTL	TRA	666
CAAQGSQGNLIF	GILGFVFTL	TRA	667
CAAQGSQGNLIF	GILGFVFTL	TRA	668
CAIQGSQGNLIF	GILGFVFTL	TRA	669
CAGQRAYSGAGSYQLTF	NLVPMVATV	TRA	670
CAGQRAYSGAGSYQLTF	NLVPMVATV	TRA	671
CALGELARSGGYQKVTF	RYPLTFGWCF	TRA	672
CALGELARSGGYQKVTF	RYPLTFGWCF	TRA	673
CALSETHLGGSQGNLIF	NLVPMVATV	TRA	674
CALSETHLGGSQGNLIF	NLVPMVATV	TRA	675
CAYRSPNYGGSQGNLIF	NLVPMVATV	TRA	676
CAYRSPNYGGSQGNLIF	NLVPMVATV	TRA	677
CAVRPNAGGTSYGKLTF	NLVPMVATV	TRA	678
CAVRPNAGGTSYGKLTF	NLVPMVATV	TRA	679
CAFMIHAGGTSYGKLTF	NLVPMVATV	TRA	680
CAFMIHAGGTSYGKLTF	NLVPMVATV	TRA	681
CAFMINAGGTSYGKLTF	GILGFVFTL	TRA	682
CAFMKDAGGTSYGKLTF	GILGFVFTL	TRA	683
CAFMKDAGGTSYGKLTF	GILGFVFTL	TRA	684
CAFMKDAGGTSYGKLTF	GILGFVFTL	TRA	685
CAFMKDAGGTSYGKLTF	GILGFVFTL	TRA	686
CAFMKDAGGTSYGKLTF	GILGFVFTL	TRA	687
CAFMKDAGGTSYGKLTF	GILGFVFTL	TRA	688
CAFMKDAGGTSYGKLTF	GILGFVFTL	TRA	689
CAYSTNAGGTSYGKLTF	NLVPMVATV	TRA	690
CAYSTNAGGTSYGKLTF	NLVPMVATV	TRA	691
CAESSASKIIF	NLVPMVATV	TRA	692
CAESSASKIIF	NLVPMVATV	TRA	693
CAGFNDYKLSF	NLVPMVATV	TRA	694
CAGFNDYKLSF	NLVPMVATV	TRA	695
CALGGNNRLAF	NLVPMVATV	TRA	696
CALGGNNRLAF	NLVPMVATV	TRA	697
CALPYGNKLVF	ALDPHSGHFV	TRA	698
CALPYGNKLVF	ALDPHSGHFV	TRA	699
CALSGYSTLTF	NLVPMVATV	TRA	700
CALSGYSTLTF	NLVPMVATV	TRA	701
CAVNDGGRLTF	ELAAIGILTV	TRA	702
CAVNDGGRLTF	ELAGIGALTV	TRA	703
CAVNDGGRLTF	ELAGIGILTV	TRA	704
CAVNDGGRLTF	AAGIGILTV	TRA	705
CAVNDGGRLTF	EAAGIGILTV	TRA	706
CAVNRNEKLTF	ELAGIGILTV	TRA	707
CAVNRNEKLTF	ELAGIGILTV	TRA	708
CAVNVAGKSTF	ELAGIGILTV	TRA	709
CAVNVAGKSTF	EAAGIGILTV	TRA	710
CAVNVAGKSTF	AAGIGILTV	TRA	711
CAVRWGGKLSF	NLVPMVATV	TRA	712
CAVRWGGKLSF	NLVPMVATV	TRA	713
CAVRWGGKLSF	NLVPMVATV	TRA	714
CAVSADYKLSF	YHSIEWA	TRA	715
CAVSADYKLSF	YHSIEWA	TRA	716
CAVSGTYKYIF	NLVPMVATV	TRA	717
CAVSGTYKYIF	NLVPMVATV	TRA	718
CAVTSYARLMF	NLVPMVATV	TRA	719
CAVTSYARLMF	NLVPMVATV	TRA	720
CAVYGNNRLAF	NLVPMVATV	TRA	721
CAVYGNNRLAF	NLVPMVATV	TRA	722
CAYFGAQKLVF	KLYGLDWAEL	TRA	723
CAYFGAQKLVF	KLYGLDWAEL	TRA	724
CAYFGAQKLVF	KLYGLDWAEL	TRA	725
CAYFGAQKLVF	KLYGLDWAEL	TRA	726
CAYFGAQKLVF	KLYGLDWAEL	TRA	727
CAYISNNDMRF	NLVPMVATV	TRA	728
CAYISNNDMRF	NLVPMVATV	TRA	729
CVVNRNNDMRF	YLQPRTFLL	TRA	730
CVVNRNNDMRF	YLQPRTFLL	TRA	731
CAYGEDDKIIF	KLVALVINAV	TRA	732
CAYGEDDKIIF	KLVALGINAV	TRA	733
CAYGEDDKIIF	KLVALGINAV	TRA	734
CAYGEDDKIIF	KLVALGINAV	TRA	735
CAFITGNQFYF	NLVPMVATV	TRA	736
CAFITGNQFYF	NLVPMVATV	TRA	737
CAFNRDDKIIF	NLVPMVATV	TRA	738
CAFNRDDKIIF	NLVPMVATV	TRA	739
CAFNRDDKIIF	NLVPMVATV	TRA	740
CAVNRDDKIIF	YLQPRTFLL	TRA	741
CAVNRDDKIIF	YLQPRTFLL	TRA	742
CAVNRDDKIIF	YLQPRTFLL	TRA	743
CAVNRDDKIIF	YLQPRTFLL	TRA	744
CAVNRDDKIIF	YLQPRTFLL	TRA	745
CAEDAGNMLTF	GLCTLVAML	TRA	746
CAEDAGNMLTF	GLCTLVAML	TRA	747
CVVHAGNMLTF	NLVPMVATV	TRA	748
CVVHAGNMLTF	NLVPMVATV	TRA	749
CAAYTGNQFYF	NLVPMVATV	TRA	750
CAAYTGNQFYF	NLVPMVATV	TRA	751
CAAYTGNQFYF	NLVPMVATV	TRA	752
CAVNSGNQFYF	EAAGIGILTV	TRA	753
CAVNSGNQFYF	ELAGIGILTV	TRA	754
CAVNSGNQFYF	EAAGIGILTV	TRA	755
CAVNSGNQFYF	EAAGIGILTV	TRA	756
CILDNNNDMRF	NLVPMVATV	TRA	757
CILDNNNDMRF	NLVPMVATV	TRA	758
CILDNNNDMRF	NLVPMVATV	TRA	759
CILDNNNDMRF	NLVPMVATV	TRA	760
CILDNNNDMRF	NLVPMVATV	TRA	761
CILDNNNDMRF	NLVPMVATV	TRA	762
CILDNNNDMRF	NLVPMVATV	TRA	763
CILDNNNDMRF	NLVPMVATV	TRA	764
CILSNNNDMRF	NLVPMVATV	TRA	765
CILSNNNDMRF	NLVPMVATV	TRA	766
CILSNNNDMRF	NLVPMVATV	TRA	767
CILSNNNDMRF	NLVPMVATV	TRA	768
CADYYGQNFVF	NLVPMVATV	TRA	769
CAGYYGQNFVF	NLVPMVATV	TRA	770
CAGYYGQNFVF	NLVPMVATV	TRA	771
CAGYYGQNFVF	NLVPMVATV	TRA	772
CAEDNNARLMF	GLCTLVAML	TRA	773
CAEDNNARLMF	GLCTLVAML	TRA	774
CAEDNNARLMF	GLCTLVAML	TRA	775
CAEDNNARLMF	GLCTLVAML	TRA	776
CAEDNNARLMF	GLCTLVAML	TRA	777
CAEDNNARLMF	GLCTLVAML	TRA	778
CAEDNNARLMF	GLCTLVAML	TRA	779
CAEDNNARLMF	GLCTLVAML	TRA	780
CAEDNNARLMF	GLCTLVAML	TRA	781
CAEDNNARLMF	GLCTLVAML	TRA	782
CAEDNNARLMF	GLCTLVAML	TRA	783
CAEDNNARLMF	GLCTLVAML	TRA	784
CAEDNNARLMF	GLCTLVAML	TRA	785
CAEDNNARLMF	GLCTLVAML	TRA	786
CAEDNNARLMF	GLCTLVAML	TRA	787
CAEDNNARLMF	GLCTLVAML	TRA	788
CAHDNNARLMF	GLCTLVAML	TRA	789
CASDNNARLMF	GLCTLVAML	TRA	790
CAEDDNARLMF	GLCTLVAML	TRA	791
CAEDDNARLMF	GLCTLVAML	TRA	792
CAFETGNQFYF	KLVAMGINAV	TRA	793
CAYETGNQFYF	KLVAMGINAV	TRA	794
CAGGTGNQFYF	ELAGIGILTV	TRA	795
CAGGTGNQFYF	AAGIGILTV	TRA	796
CAGGTGNQFYF	AAGIGILTV	TRA	797
CAGHTGNQFYF	IVTDFSVIK	TRA	798
CAGHTGNQFYF	IVTDFSVIK	TRA	799
CAKNTGNQFYF	NLVPMVATV	TRA	800
CAKNTGNQFYF	NLVPMVATV	TRA	801
CARNTGNQFYF	NLVPMVATV	TRA	802
CARNTGNQFYF	NLVPMVATV	TRA	803
CARNTGNQFYF	NLVPMVATV	TRA	804
CARNTGNQFYF	NLVPMVATV	TRA	805
CARNTGNQFYF	NLVPMVATV	TRA	806
CARNTGNQFYF	NLVPMVATV	TRA	807
CARNTGNQFYF	NLVPMVATV	TRA	808
CARNTGNQFYF	NLVPMVATV	TRA	809
CARNTGNQFYF	NLVPMVATV	TRA	810
CASNTGNQFYF	NLVPMVATV	TRA	811
CATNTGNQFYF	NLVPMVATV	TRA	812
CARNTGNQFYF	NLVPMVATV	TRA	813
CARNTGNQFYF	NLVPMVATV	TRA	814
CARNTGNQFYF	NLVPMVATV	TRA	815
CARNTGNQFYF	NLVPMVATV	TRA	816
CARNTGNQFYF	NLVPMVATV	TRA	817
CARNTGNQFYF	NLVPMVATV	TRA	818
CARNTGNQFYF	NLVPMVATV	TRA	819
CARNTGNQFYF	NLVPMVATV	TRA	820
CARNTGNQFYF	NLVPMVATV	TRA	821
CARNTGNQFYF	GILGFVFTL	TRA	822
CARNTGNQFYF	NLVPMVATV	TRA	823
CARNTGNQFYF	NLVPMVATV	TRA	824
CARNTGNQFYF	NLVPMVATV	TRA	825
CAESIGKLIF	GLCTLVAML	TRA	826
CAESIGKLIF	GLCTLVAML	TRA	827
CAESIGKLIF	GLCTLVAML	TRA	828
CAESTGKLIF	GLCTLVAML	TRA	829
CAESTGKLIF	GLCTLVAML	TRA	830
CAESTGKLIF	GLCTLVAML	TRA	831
CAESTGKLIF	GLCTLVAML	TRA	832
CAESTGKLIF	GLCTLVAML	TRA	833
CAESTGKLIF	GLCTLVAML	TRA	834
CAFMQFDMRF	KLFEFLVYGV	TRA	835
CAFMQFDMRF	KLFEFLVYGV	TRA	836
CAYGDDKIIF	KLVALGINAV	TRA	837
CAYGDDKIIF	KLVALGINAV	TRA	838
CAYGDDKIIF	MQLFFSYFA	TRA	839
CLVVDQKLVF	APRGPHGGAASGL	TRA	840
CLVVDQKLVF	APRGPHGGAASGL	TRA	841
CVVGYGQFYF	NLVPMVATV	TRA	842
CVVGYGQFYF	NLVPMVATV	TRA	843
CVVGYGQFYF	NLVPMVATV	TRA	844
CAMRELLNSGGSNYKLTF	NLVPMVATV	TRA	845
CAMRELLNSGGSNYKLTF	NLVPMVATV	TRA	846
CAMRVFLNSGGSNYKLTF	NLVPMVATV	TRA	847
CAMRVFLNSGGSNYKLTF	NLVPMVATV	TRA	848
CAVDHLMNYGGSQGNLIF	GILGFVFTL	TRA	849
CAVDHLMNYGGSQGNLIF	GILGFVFTL	TRA	850
CAVDHLMNYGGSQGNLIF	GILGFVFTL	TRA	851
CAVGTAWRSGGGADGLTF	ELAGIGILTV	TRA	852
CAVGTAWRSGGGADGLTF	ELAGIGILTV	TRA	853
CLVGSPVPFSGGYNKLIF	NLVPMVATV	TRA	854
CLVGSPVPFSGGYNKLIF	NLVPMVATV	TRA	855
CAADTLLNAGGTSYGKLTF	NLVPMVATV	TRA	856
CAADTLLNAGGTSYGKLTF	NLVPMVATV	TRA	857
CAAIPVRNGRMNYGGSQGNLIF	GILGFVFTL	TRA	858
CAAIPVRNGRMNYGGSQGNLIF	GILGFVFTL	TRA	859
