CDR3	Epitope	complex.id	Gene
CIVRAPGRADMRF	FLKEKGGL	1	TRA
CAVPSGAGSYQLTF	FLKEKGGL	2	TRA
CAYRPPGTYKYIF	FLKEKGGL	4	TRA
CIVRAPGRADMRF	FLKEQGGL	5	TRA
CAVPSGAGSYQLTF	FLKEQGGL	6	TRA
CIVRAPGRADMRF	FLKETGGL	8	TRA
CAVPSGAGSYQLTF	FLKETGGL	9	TRA
CIVRAPGRADMRF	FLKEMGGL	11	TRA
CAVPSGAGSYQLTF	FLKEMGGL	12	TRA
CAVAGYGGSQGNLIF	ELAGIGILTV	15	TRA
CIVKTNSGGSNYKLTF	TAAQAAVVRFQEAAN	77	TRA
CIVHTNSGGSNYKLTF	TAAQAAVVRFQEAAN	78	TRA
CIEHTNSGGSNYKLTF	TAAQAAVVRFQEAAN	79	TRA
CAVGGLSGANSKLTF	MHVSFVMAYPEMLAA	80	TRA
CAGAGGGGFKTIF	MHVSFVMAYPEMLAA	81	TRA
CAGTNTGNQFYF	MHVSFVMAYPEMLAA	82	TRA
CAGPTGGSYIPTF	MHVSFVMAYPEMLAA	83	TRA
CVVSAITNDYKLSF	PSPSMGRDIKVQFQS	84	TRA
CAVQPGAGGFKTIF	PSPSMGRDIKVQFQS	85	TRA
CAVTIGATQGGSEKLVF	PSPSMGRDIKVQFQS	86	TRA
CASQSNTGNQFYF	PSPSMGRDIKVQFQS	87	TRA
CAVNGGGSNYKLTF	MSQIMYNYPAMLGHA	88	TRA
CAVNSGGSNYKLTF	MSQIMYNYPAMLGHA	89	TRA
CAVSRAGAGSYQLTF	AAVVRFQEAANKQKQ	90	TRA
CAVRDPGNTDKLIF	AAVVRFQEAANKQKQ	91	TRA
CAASINSGNTPLVF	PPQIAANRSQLISLV	92	TRA
CAASINSGNTPLVF	PPQIAANRSQLISLV	93	TRA
CALMNSGGYQKVTF	STRQALRPRADGPVG	94	TRA
CALILSGGYQKVTF	STRQALRPRADGPVG	95	TRA
CALRGDTGRRALTF	STRQALRPRADGPVG	97	TRA
CALLNSGGYQKVTF	STRQALRPRADGPVG	98	TRA
CALVYSGGYQKVTF	STRQALRPRADGPVG	99	TRA
CAVRDSGNTGKLIF	LTDEQRAAALEKAAA	100	TRA
CAVSLNDYKLSF	LTDEQRAAALEKAAA	101	TRA
CAVTSNDYKLSF	LTDEQRAAALEKAAA	102	TRA
CAAMEGAQKLVF	LLFGYPVYV	104	TRA
CAVSESPFGNEKLTF	PKYVKQNTLKLAT	107	TRA
CAVSESPFGNEKLTF	PKYVKQNTLKLAT	109	TRA
CILPLAGGTSYGKLTF	FLRGRAYGL	111	TRA
CAGAGSQGNLIF	GILGFVFTL	114	TRA
CALSGGDSSYKLIF	VHFFKNIVTPRTPG	119	TRA
CALSGFYNTDKLIF	LPEPLPQGQLTAY	120	TRA
CAVRPTSGGSYIPTF	SLLMWITQV	121	TRA
CAVRPTSGGSYIPTF	SLLMWITQC	122	TRA
CIVVRSSNTGKLIF	VMAPRTLIL	124	TRA
CAVRPTSGGSYIPTF	SLLMWITQC	125	TRA
CAVRPTSGGSYIPTF	SLLMWITQC	126	TRA
CAALIQGAQKLVF	GELIGILNAAKVPAD	128	TRA
CAALIQGAQKLVF	GELIGTLNAAKVPAD	129	TRA
CAVQASGGSYIPTF	EPLPQGQLTAY	130	TRA
CAVRPLLDGTYIPTF	SLLMWITQC	132	TRA
CAVRPLLDGTYIPTF	SLLMWITQC	133	TRA
CAVRPLLDGTYIPTF	SLLMWITQC	135	TRA
CAGAGSQGNLIF	GILGFVFTL	136	TRA
CAGAGSQGNLIF	GILGFVFTL	137	TRA
CAGAGSQGNLIF	GILGFVFTL	138	TRA
CAGAGSQGNLIF	PKYVKQNTLKLAT	139	TRA
CAVSGGYQKVTF	KAFSPEVIPMF	140	TRA
CIVWGGYQKVTF	EENLLDFVRF	144	TRA
CAMREDTGNQFYF	FLRGRAYGL	145	TRA
CARNTGNQFYF	NLVPMVATV	146	TRA
CAVNVAGKSTF	ELAGIGILTV	148	TRA
CILPLAGGTSYGKLTF	EEYLKAWTF	149	TRA
CILPLAGGTSYGKLTF	EEYLQAFTY	150	TRA
CALSGFYNTDKLIF	LPEPLPQGQLTAY	151	TRA
CAEDNNARLMF	GLCTLVAML	156	TRA
CAVNFGGGKLIF	ELAGIGILTV	159	TRA
CAVNFGGGKLIF	AAGIGILTV	160	TRA
CAGGTGNQFYF	ELAGIGILTV	161	TRA
CAGGTGNQFYF	AAGIGILTV	162	TRA
CVVRAGKLIF	FLRGRAYGL	166	TRA
CAMRGDSSYKLIF	ALWGPDPAAA	167	TRA
CAMRGDSSYKLIF	ALWGPDPAAA	168	TRA
CAVGAPSGAGSYQLTF	RFPLTFGWCF	169	TRA
CAVRMDSSYKLIF	RYPLTFGWCF	170	TRA
CAVRMDSSYKLIF	RYPLTLGWCF	171	TRA
CAVDSATSGTYKYIF	PKYVKQNTLKLAT	172	TRA
CAVDRGSTLGRLYF	GELIGILNAAKVPAD	173	TRA
CAVSGGGADGLTF	ALGIGILTV	174	TRA
CAMRDLRDNFNKFYF	KRWIILGLNK	176	TRA
CAMRDLRDNFNKFYF	KRWIIMGLNK	177	TRA
CILRDGRGGADGLTF	SGEGSFQPSQENP	178	TRA
CAVNDGGRLTF	ELAAIGILTV	179	TRA
CAVNDGGRLTF	ELAGIGALTV	180	TRA
CAVNDGGRLTF	ELAGIGILTV	181	TRA
CALSGFYNTDKLIF	LPEPLPQGQLTAY	182	TRA
CAVGGGSNYQLIW	LPEPLPQGQLTAY	183	TRA
CAVNFGGGKLIF	ELAGIGILTV	184	TRA
CATDDDSARQLTF	TAFTIPSI	185	TRA
CAVDSATALPYGYIF	ILAKFLHWL	186	TRA
CIAFQGAQKLVF	APQPELPYPQPGS	187	TRA
CIVLGGADGLTF	APQPELPYPQPGS	188	TRA
CIVWGGATNKLIF	APQPELPYPQPG	189	TRA
CLVGDGGSFSGGYNKLIF	QPFPQPELPYP	190	TRA
CAVNVAGKSTF	EAAGIGILTV	197	TRA
CALSDPVNDMRF	HSKKKCDEL	198	TRA
CAASVYAGGTSYGKLTF	QPLALEGSLQKRG	199	TRA
CAASSSAGGTSYGKLTF	LQPLALEGSLQKRG	200	TRA
CILRDRSNQFYF	PSGEGSFQPSQENPQ	201	TRA
CILRDSRAQKLVF	SGEGSFQPSQENP	202	TRA
CAVGETGANNLFF	PSGEGSFQPSQENPQ	203	TRA
CAFITGNQFYF	NLVPMVATV	204	TRA
CILDNNNDMRF	NLVPMVATV	205	TRA
CATDTTSGTYKYIF	ENPVVHFFKNIVTP	208	TRA
CATDTTSGTYKYIF	MDFARVHFISALHGSG	214	TRA
CALGELARSGGYQKVTF	RYPLTFGWCF	223	TRA
CAASSFGNEKLTF	NPVVHFFKNIVTPR	225	TRA
CAVSGGGADGLTF	EAAGIGILTV	233	TRA
CAASSFGNEKLTF	RLLMLFAKDVVSRN	234	TRA
CAVGASGNTGKLIF	QHIRCNIPKRISA	235	TRA
CAASSFGNEKLTF	QLVHFVRDFAQL	236	TRA
CALSLYSGAGSYQLTF	QAFWIDLFETIG	243	TRA
CALGELAGAGGTSYGKLTF	IPSINVHHY	245	TRA
CAYGEDDKIIF	KLVALVINAV	247	TRA
CAMRGDSSYKLIF	YQFGPDFPIA	250	TRA
CAMRGDSSYKLIF	RQWGPDPAAV	251	TRA
CAMRGDSSYKLIF	YLGGPDFPTI	252	TRA
CAMRGDSSYKLIF	MVWGPDPLYV	253	TRA
CAMRGDSSYKLIF	RQFGPDFPTI	254	TRA
CAMRGDSSYKLIF	RQFGPDWIVA	255	TRA
CAGPGGSSNTGKLIF	GILGFVFTL	256	TRA
CAVLSSGGSNYKLTF	YLEPGPVTV	258	TRA
CAGAIGPSNTGKLIF	GILGFVFTL	259	TRA
CAGAGSQGNLIF	GILGLVFTL	260	TRA
CAGAGSQGNLIF	GILEFVFTL	261	TRA
CAMRGDSSYKLIF	AQWGPDPAAA	262	TRA
CAFDTNAGKSTF	GILGFVFTL	263	TRA
CAWGVNAGGTSYGKLTF	GILGFVFTL	265	TRA
CAYGEDDKIIF	KLVALGINAV	266	TRA
CAVALNNNAGNMLTF	APSGEGSFQPSQENPQ	267	TRA
CAVQFMDSNYQLIW	QPQQSFPEQEA	268	TRA
CAVQASGGSYIPTF	GPQQSFPEQEA	269	TRA
CAVDSATSGTYKYIF	ILAKFLHWL	273	TRA
CAVGGGADGLTF	ELAGIGILTV	274	TRA
CAVRTNSGYALNF	SLYNTVATL	275	TRA
CAVRTNSGYALNF	SLYNTIATL	276	TRA
CAVRTNSGYALNF	SLFNTIAVL	277	TRA
CAGGGGADGLTF	ELAGIGILTV	278	TRA
CAASFIIQGAQKLVF	GILGFVFTL	281	TRA
CAGQPLGGSNYKLTF	VMAPRTLIL	284	TRA
CAGQPLGGSNYKLTF	VMAPRTLVL	285	TRA
CGLGDAGNMLTF	GTSGSPIVNR	286	TRA
CGLGDAGNMLTF	GTSGSPIINR	287	TRA
CALGEGGAQKLVF	IPLTEEAEL	289	TRA
CALGELARSGGYQKVTF	RYPLTFGWCF	290	TRA
CAYGEDDKIIF	KLVALGINAV	291	TRA
CAYGEDDKIIF	KLVALGINAV	292	TRA
CAVNFGGGKLIF	SMLGIGIVPV	293	TRA
CAVNFGGGKLIF	MMWDRGLGMM	294	TRA
CLVGEILDNFNKFYF	APRGPHGGAASGL	295	TRA
CLVVDQKLVF	APRGPHGGAASGL	296	TRA
CALSHNSGGSNYKLTF	IPLTEEAEL	298	TRA
CALGEGGAQKLVF	IPLTEEAEL	299	TRA
CALGEGGAQKLVF	VPLTEDAEL	300	TRA
CAFKAAGNKLTF	RFYKTLRAEQASQ	301	TRA
CAFKAAGNKLTF	RFYKTLRAEQASQ	302	TRA
CAFKAAGNKLTF	RFYKTLRAEQASQ	303	TRA
CAFKAAGNKLTF	RFYKTLRAEQASQ	304	TRA
CAVNFGGGKLIF	AAGIGILTV	305	TRA
CATDAGYNQGGKLIF	VEELYLVAGEEGCGGGGSL	308	TRA
CAVNFGGGKLIF	ELAGIGILTV	309	TRA
CATDAGYNQGGKLIF	VEELYLVAGEEGCGGGGSL	310	TRA
CAVNVAGKSTF	AAGIGILTV	311	TRA
CAVNDGGRLTF	AAGIGILTV	312	TRA
CGTERSGGYQKVTF	FEDLRVLSF	321	TRA
CAFMDSNYQLIW	KQWLVWLFL	322	TRA
CAVHTGARLMF	APFSEQEQPVLG	323	TRA
CASPQGGSEKLVF	APFSEQEQPVLG	324	TRA
CAVRPTSGGSYIPTF	SLLMWITQV	325	TRA
CAVGGNDWNTDKLIF	SLSKILDTV	326	TRA
CALTRGPGNQFYF	SLLMWITQV	327	TRA
CAVRDINSGAGSYQLTF	SLLMWITQV	328	TRA
CAVKSGGSYIPTF	SLLMWITQV	329	TRA
CIGGGTTSGTYKYIF	RMFPNAPYL	330	TRA
CAVNDGGRLTF	EAAGIGILTV	331	TRA
CVVNHSGGSYIPTF	GVYDGREHTV	332	TRA
CAVGAGSNYQLIW	APMPMPELPYP	333	TRA
CIAFQGAQKLVF	AVVQSELPYPEGS	334	TRA
CAAAMDSSYKLIF	GADGVGKSAL	335	TRA
CAVNARRNTPLVF	ITDQVPFSV	336	TRA
CAVNARRNTPLVF	IMDQVPFSV	337	TRA
CAVNALLGNQFYF	ITDQVPFSV	338	TRA
CAVNALLGNQFYF	ILDQVPFSV	339	TRA
CAFGSSNTGKLIF	RPPIFIRRL	340	TRA
CAMSGLKEDSSYKLIF	HMTEVVRHC	341	TRA
CVVQPGGYQKVTF	HMTEVVRHC	342	TRA
CAFMGYSGAGSYQLTF	HMTEVVRHC	343	TRA
CALSGFNNAGNMLTF	RLQSLQTYV	345	TRA
CAVNRDDKIIF	YLQPRTFLL	346	TRA
CVVNRNNDMRF	YLQPRTFLL	347	TRA
CAFFGQGAQKLVF	GQVELGGGNAVEVCKGS	348	TRA
CAVQAGGNNRLAF	GQVELGGGNAVEVCK	349	TRA
CIVSHNAGNMLTF	GQVELGGGNAVEVCKGS	350	TRA
CAVTNQAGTALIF	RLPAKAPLL	351	TRA
CAVTNQAGTALIF	RLPAKAPLLGCG	352	TRA
CAVTNQAGTALIF	RLPAKAPL	353	TRA
CAVTNQAGTALIF	RLPAKAPL	354	TRA
CIVRGLNNAGNMLTF	TPQDLNTML	355	TRA
CIVRGLNNAGNMLTF	TPQDLNTML	356	TRA
CLVGSSFNQGGKLIF	RMYSPVSIL	357	TRA
CLVGSSFNQGGKLIF	RMYSPVSI	358	TRA
CALDIYPHDMRF	HMTEVVRHC	359	TRA
CAVNRDDKIIF	YLQPRTFLL	360	TRA
CAGNTGTASKLTF	ALHGGWTTK	361	TRA
CALSGGTSYGKLTF	QPFPQPEQPFP	362	TRA
CLVGGLARDMRF	LQPFPQPELPYGSGGS	363	TRA
CLVGGLARDMRF	LQPFPQPELPYGSGGS	364	TRA
CLVGGAYTGGFKTIF	ALHGGWTTK	365	TRA
CVASGGTGKLIF	RPRGEVRFL	372	TRA
CILRGSGTYKYIF	RPRGEVRFL	375	TRA
CILRGSGTYKYIF	RPRGEVRFL	376	TRA
CVASGGTGKLIF	RPRGEVRFL	382	TRA
CILRGSGTYKYIF	RPRGEVRFL	383	TRA
CVASGGTGKLIF	RPRGEVRFL	384	TRA
CVASGGTGKLIF	RPRGEVRFL	386	TRA
CLVGSVGAGSYQLTF	RPRGEVRFL	389	TRA
CAVSGEYGNKLVF	RPRGEVRFL	392	TRA
CAFGRGAQKLVF	RPRGEVRFL	393	TRA
CAFGRGAQKLVF	RPRGEVRFL	398	TRA
CAFGRGAQKLVF	RPRGEVRFL	399	TRA
CLVGPQGSSASKIIF	RPRGEVRFL	400	TRA
CAFGRGAQKLVF	RPRGEVRFL	406	TRA
CAGVRGGADGLTF	RPRGEVRFL	415	TRA
CAFMKHASGGSNYKLTF	RPRGEVRFL	424	TRA
CLVGDKGSSASKIIF	RPRGEVRFL	425	TRA
CAEIAGGYNKLIF	RPRGEVRFL	427	TRA
CAFGRGAQKLVF	RPRGEVRFL	429	TRA
CALKISGSGYALNF	RPRGEVRFL	438	TRA
CAMREAGGFKTIF	RPRGEVRFL	439	TRA
CAGPMKTSYDKVIF	NLVPMVATV	445	TRA
CVAWGGYSSASKIIF	YSEHPTFTSQY	447	TRA
CAERGWDNDMRF	IPSINVHHY	448	TRA
CALDSGNTGKLIF	GTSGSPIVNR	449	TRA
CALDSGNTGKLIF	GTSGSPIINR	450	TRA
CGLGDAGNMLTF	GTSGSPIVNR	453	TRA
CGLGDAGNMLTF	GTSGSPIINR	454	TRA
CASYAGGTSYGKLTF	KLVALGINAV	455	TRA
CATHTGKLIF	KLVALGINAV	456	TRA
CAVGSNSGYALNF	KLVALGINAV	457	TRA
CAYGDDKIIF	KLVALGINAV	458	TRA
CAYLGGADGLTF	KLVALGINAV	459	TRA
CAYLVYDMRF	KLVALGINAV	460	TRA
CAYYGGSQGNLIF	KLVALGINAV	462	TRA
CAEIGTDKLIF	KLVALGINAV	463	TRA
CAHNTGNQFYF	KLVALGINAV	464	TRA
CARDAGNMLTF	KLVALGINAV	466	TRA
CAYDDMRF	KLVALGINAV	468	TRA
CAYFGGGADGLTF	KLVALGINAV	469	TRA
CAYGDDKIIF	KLVALGINAV	470	TRA
CAYKDTASKLTF	KLVALGINAV	471	TRA
CAYKPDTPLVF	KLVALGINAV	472	TRA
CAYNAGNMLTF	KLVALGINAV	473	TRA
CAYPGGGADGLTF	KLVALGINAV	474	TRA
CAYRDDKIIF	KLVALGINAV	475	TRA
CAYREGAQKLVF	KLVALGINAV	476	TRA
CAYREVNDMRF	KLVALGINAV	477	TRA
CAYVQDDKIIF	KLVALGINAV	479	TRA
CAYYGGNQFYF	KLVALGINAV	480	TRA
CATYSGGGADGLTF	KLVALGINAV	481	TRA
CAVSDLEPNSSASKIIF	KLVALGINAV	482	TRA
CAYKDNDMRF	KLVALGINAV	483	TRA
CAYNDGNQFYF	KLVALGINAV	484	TRA
CAYNDMRF	KLVALGINAV	485	TRA
CAYRDDYKLSF	KLVALGINAV	486	TRA
CIPEGRKLTF	KLVALGINAV	487	TRA
CAEGGGSYIPTF	KLVALGINAV	488	TRA
CALLSSNTGKLIF	KLVALGINAV	489	TRA
CALSEPYSGAGSYQLTF	KLVALGINAV	490	TRA
CAVDANNDMRF	RLITGRLQSL	492	TRA
CACPPGDYKLSF	NLVPMVATV	493	TRA
CAAQSNMEYGNKLVF	RLITGRLQSL	494	TRA
CALSEGYNFNKFYF	RLITGRLQSL	495	TRA
CATDLKTSYDKVIF	RLITGRLQSL	496	TRA
CAVQAAREYNFNKFYF	RLITGRLQSL	497	TRA
CATDLKTSYDKVIF	RLITGRLQSL	498	TRA
CLVPSEQAGTALIF	KQIYKTPPI	499	TRA
CALNDYKLSF	LLFNKVTLA	500	TRA
CAGHPKTSYDKVIF	RLITGRLQSL	501	TRA
CVVSPINYGQNFVF	RLITGRLQSL	502	TRA
CAVLVPGNQFYF	TLATHGLAAV	503	TRA
CATEDNAGNMLTF	FPQSAPHGVVF	504	TRA
CAYGDDKIIF	MQLFFSYFA	505	TRA
CAGGYNNNDMRF	YPDKVFRSSV	506	TRA
CAGGYNNNDMRF	YPDKVFRSSV	507	TRA
CAETLNTGFQKLVF	ALQIPFAMQM	508	TRA
CAVDDFSGGTSYGKLTF	KIYSKHTPI	509	TRA
CAVSFFNQAGTALIF	LPPAYTNSF	510	TRA
CARNSGGYQKVTF	FAMQMAYRF	511	TRA
CVVRDGGYNKLIF	RARSVASQSI	512	TRA
CAFCGGTSYGKLTF	FAMQMAYRF	513	TRA
CAFSGGSNYKLTF	FAMQMAYRF	514	TRA
CAGRPYDKIIF	RLITGRLQSL	515	TRA
CALKTIKAAGNKLTF	LPPAYTNSF	516	TRA
CAGPIGTSYDKVIF	MLAKALRKV	517	TRA
CAGQLVASYDKVIF	RLITGRLQSL	518	TRA
CAASDDNYGQNFVF	MLAKALRKV	519	TRA
CAGLNQGAQKLVF	MLAKALRKV	520	TRA
CATVGTASKLTF	NLVPMVATV	521	TRA
CARNTGNQFYF	NLVPMVATV	522	TRA
CVVGYGQFYF	NLVPMVATV	523	TRA
CAGPMKTSYDKVIF	NLVPMVATV	524	TRA
CAASRKGSNYKLTF	NLVPMVATV	525	TRA
CAVRWGGKLSF	NLVPMVATV	526	TRA
CAEIPNYGGSQGNLIF	NLVPMVATV	527	TRA
CAESSASKIIF	NLVPMVATV	528	TRA
CAVRDRWSGGYQKVTF	NLVPMVATV	529	TRA
CAVRVSGGYNKLIF	NLVPMVATV	530	TRA
CAVTLNNNAGNMLTF	NLVPMVATV	531	TRA
CALSPRTQGGSEKLVF	NLVPMVATV	532	TRA
CAFNRDDKIIF	NLVPMVATV	533	TRA
CAGTNTGGFKTIF	NLVPMVATV	534	TRA
CAASGTQTGANNLFF	NLVPMVATV	535	TRA
CAVYGNNRLAF	NLVPMVATV	536	TRA
CAVRDRDNYGQNFVF	NLVPMVATV	537	TRA
CAVMDSSYKLIF	NLVPMVATV	538	TRA
CAVRSLNSGNTPLVF	NLVPMVATV	539	TRA
CAVLDSNYQLIW	NLVPMVATV	540	TRA
CAVRDSNYQLIW	NLVPMVATV	541	TRA
CAVTDSNYQLIW	NLVPMVATV	542	TRA
CAVWGNTGKLIF	NLVPMVATV	543	TRA
CAVHTGTASKLTF	NLVPMVATV	544	TRA
CVVSIAGNNRKLIW	NLVPMVATV	545	TRA
CVVHAGNMLTF	NLVPMVATV	546	TRA
CVVNEGPGAGSYQLTF	NLVPMVATV	547	TRA
CVAPTNFGNEKLTF	NLVPMVATV	548	TRA
CAVLTLNARLMF	NLVPMVATV	549	TRA
CAASDQTGANNLFF	NLVPMVATV	550	TRA
CAVSGTYKYIF	NLVPMVATV	551	TRA
CAVPVQTSYDKVIF	NLVPMVATV	552	TRA
CAAILADYKLSF	NLVPMVATV	553	TRA
CAASFIHNQGGKLIF	NLVPMVATV	554	TRA
CAASYNTNAGKSTF	NLVPMVATV	555	TRA
CAATPPPSYDKVIF	NLVPMVATV	556	TRA
CASLETSYDKVIF	NLVPMVATV	557	TRA
CAADTLLNAGGTSYGKLTF	NLVPMVATV	558	TRA
CAAPYSGGSNYKLTF	NLVPMVATV	559	TRA
CAESPAGTALIF	NLVPMVATV	560	TRA
CAMREGQYNFNKFYF	NLVPMVATV	561	TRA
CAMREGHTNAGKSTF	NLVPMVATV	562	TRA
CAMREDSIGNTPLVF	NLVPMVATV	563	TRA
CAMREGGNYQLIW	NLVPMVATV	564	TRA
CAMRVFLNSGGSNYKLTF	NLVPMVATV	565	TRA
CAMRELLNSGGSNYKLTF	NLVPMVATV	566	TRA
CATDPQFYF	NLVPMVATV	568	TRA
CVLASGGSYIPTF	NLVPMVATV	569	TRA
CALIPVYNQGGKLIF	NLVPMVATV	570	TRA
CALSEFRGNTPLVF	NLVPMVATV	571	TRA
CALGYSSASKIIF	NLVPMVATV	572	TRA
CALITALNNAGNMLTF	NLVPMVATV	573	TRA
CALSEENTSGTYKYIF	NLVPMVATV	574	TRA
CALSETLTSGTYKYIF	NLVPMVATV	575	TRA
CALSETHLGGSQGNLIF	NLVPMVATV	576	TRA
CAVTYNNNDMRF	NLVPMVATV	577	TRA
CAVNQAGTALIF	NLVPMVATV	578	TRA
CAVRSDQAGTALIF	NLVPMVATV	579	TRA
CAVGLDRGSTLGRLYF	NLVPMVATV	580	TRA
CAVRSTFNFNKFYF	NLVPMVATV	581	TRA
CAVRGDNYGQNFVF	NLVPMVATV	582	TRA
CAVIGSAGKSTF	NLVPMVATV	583	TRA
CAVWRAGNMLTF	NLVPMVATV	584	TRA
CAVLNSNSGYALNF	NLVPMVATV	585	TRA
CAVSLYNNNDMRF	NLVPMVATV	586	TRA
CAVRLIQGAQKLVF	NLVPMVATV	587	TRA
CAALITQGGSEKLVF	NLVPMVATV	588	TRA
CAVHTQGGSEKLVF	NLVPMVATV	589	TRA
CAASRGSGAGSYQLTF	NLVPMVATV	590	TRA
CALNQAGTALIF	NLVPMVATV	591	TRA
CARNTGNQFYF	NLVPMVATV	592	TRA
CAGFNDYKLSF	NLVPMVATV	593	TRA
CIAGGSQGNLIF	NLVPMVATV	595	TRA
CIVSDIQGAQKLVF	NLVPMVATV	596	TRA
CIAVSQGGSEKLVF	NLVPMVATV	597	TRA
CIVRVGYTGFQKLVF	NLVPMVATV	598	TRA
CAGGHGGSQGNLIF	NLVPMVATV	600	TRA
CAAENQGGKLIF	NLVPMVATV	601	TRA
CAASFAGNTPLVF	NLVPMVATV	602	TRA
CAAEDNTDKLIF	NLVPMVATV	603	TRA
CAASGTQTGANNLFF	NLVPMVATV	604	TRA
CAASIGAGNMLTF	NLVPMVATV	605	TRA
CAASGLNNNAGNMLTF	NLVPMVATV	606	TRA
CAAPTGFGNEKLTF	NLVPMVATV	607	TRA
CAAYTGNQFYF	NLVPMVATV	608	TRA
CAAKGGSEKLVF	NLVPMVATV	609	TRA
CAGYYGQNFVF	NLVPMVATV	610	TRA
CAVRERNAGNNRKLIW	NLVPMVATV	611	TRA
CAVRERNAGNNRKLIW	NLVPMVATV	612	TRA
CAVRDRNNAGNMLTF	NLVPMVATV	613	TRA
CAGQRAYSGAGSYQLTF	NLVPMVATV	614	TRA
CAVRPNAGGTSYGKLTF	NLVPMVATV	615	TRA
CAFMIHAGGTSYGKLTF	NLVPMVATV	616	TRA
CAYSTNAGGTSYGKLTF	NLVPMVATV	617	TRA
CAFMKPKGGSNYKLTF	NLVPMVATV	618	TRA
CARLHQTGANNLFF	NLVPMVATV	620	TRA
CAYRSPNYGGSQGNLIF	NLVPMVATV	621	TRA
CAYISNNDMRF	NLVPMVATV	622	TRA
CAWAQGGSEKLVF	NLVPMVATV	623	TRA
CASSALGSEKLVF	NLVPMVATV	624	TRA
CAVPLYGGATNKLIF	NLVPMVATV	625	TRA
CLVGDIQGGGGKLIF	NLVPMVATV	627	TRA
CLVGDSYSSASKIIF	NLVPMVATV	628	TRA
CLVGSPVPFSGGYNKLIF	NLVPMVATV	629	TRA
CLVGSSEGFQKLVF	NLVPMVATV	630	TRA
CAVRSNFGNEKLTF	NLVPMVATV	631	TRA
CAEKLAGTALIF	NLVPMVATV	632	TRA
CAESIRSFNKFYF	NLVPMVATV	633	TRA
CAESINQGGKLIF	NLVPMVATV	634	TRA
CADGLRTGFQKLVF	NLVPMVATV	635	TRA
CALSGYSTLTF	NLVPMVATV	636	TRA
CALGGNNRLAF	NLVPMVATV	637	TRA
CAVNAGNNRKLIW	NLVPMVATV	638	TRA
CAVKNGGSQGNLIF	NLVPMVATV	639	TRA
CAVGNAITSSSDKLIF	NLVPMVATV	640	TRA
CAVGAAEYGNKLVF	NLVPMVATV	641	TRA
CAVRMGGGAGYSTLTF	NLVPMVATV	642	TRA
CAVTSYARLMF	NLVPMVATV	643	TRA
CAVSPSNTGKLIF	NLVPMVATV	644	TRA
CAVTDNNNNDMRF	NLVPMVATV	645	TRA
CAVSEGSNFGNEKLTF	NLVPMVATV	646	TRA
CAVSGANDYKLSF	NLVPMVATV	647	TRA
CAVRGAGYALNF	NLVPMVATV	648	TRA
CAVSWDTGFQKLVF	NLVPMVATV	649	TRA
CALFAGSYIPTF	NLVPMVATV	651	TRA
CATVGTASKLTF	NLVPMVATV	652	TRA
CARNTGNQFYF	NLVPMVATV	653	TRA
CVVGYGQFYF	NLVPMVATV	654	TRA
CAGPMKTSYDKVIF	NLVPMVATV	655	TRA
CAASRKGSNYKLTF	NLVPMVATV	656	TRA
CAVRWGGKLSF	NLVPMVATV	657	TRA
CAEIPNYGGSQGNLIF	NLVPMVATV	658	TRA
CAESSASKIIF	NLVPMVATV	659	TRA
CAVRDRWSGGYQKVTF	NLVPMVATV	660	TRA
CAVRVSGGYNKLIF	NLVPMVATV	661	TRA
CAVTLNNNAGNMLTF	NLVPMVATV	662	TRA
CALSPRTQGGSEKLVF	NLVPMVATV	663	TRA
CAFNRDDKIIF	NLVPMVATV	664	TRA
CAGTNTGGFKTIF	NLVPMVATV	665	TRA
CAASGTQTGANNLFF	NLVPMVATV	666	TRA
CAVYGNNRLAF	NLVPMVATV	667	TRA
CAVRDRDNYGQNFVF	NLVPMVATV	668	TRA
CAVMDSSYKLIF	NLVPMVATV	669	TRA
CAVRSLNSGNTPLVF	NLVPMVATV	670	TRA
CAVLDSNYQLIW	NLVPMVATV	671	TRA
CAVRDSNYQLIW	NLVPMVATV	672	TRA
CAVTDSNYQLIW	NLVPMVATV	673	TRA
CAVWGNTGKLIF	NLVPMVATV	674	TRA
CAVHTGTASKLTF	NLVPMVATV	675	TRA
CVVSIAGNNRKLIW	NLVPMVATV	676	TRA
CVVHAGNMLTF	NLVPMVATV	677	TRA
CVVNEGPGAGSYQLTF	NLVPMVATV	678	TRA
CVAPTNFGNEKLTF	NLVPMVATV	679	TRA
CAVLTLNARLMF	NLVPMVATV	680	TRA
CAASDQTGANNLFF	NLVPMVATV	681	TRA
CAVSGTYKYIF	NLVPMVATV	682	TRA
CAVPVQTSYDKVIF	NLVPMVATV	683	TRA
CAAILADYKLSF	NLVPMVATV	684	TRA
CAASFIHNQGGKLIF	NLVPMVATV	685	TRA
CAASYNTNAGKSTF	NLVPMVATV	686	TRA
CAATPPPSYDKVIF	NLVPMVATV	687	TRA
CASLETSYDKVIF	NLVPMVATV	688	TRA
CAADTLLNAGGTSYGKLTF	NLVPMVATV	689	TRA
CAAPYSGGSNYKLTF	NLVPMVATV	690	TRA
CAESPAGTALIF	NLVPMVATV	691	TRA
CAMREGQYNFNKFYF	NLVPMVATV	692	TRA
CAMREGHTNAGKSTF	NLVPMVATV	693	TRA
CAMREDSIGNTPLVF	NLVPMVATV	694	TRA
CAMREGGNYQLIW	NLVPMVATV	695	TRA
CAMRVFLNSGGSNYKLTF	NLVPMVATV	696	TRA
CAMRELLNSGGSNYKLTF	NLVPMVATV	697	TRA
CATDPQFYF	NLVPMVATV	699	TRA
CVLASGGSYIPTF	NLVPMVATV	700	TRA
CALIPVYNQGGKLIF	NLVPMVATV	701	TRA
CALSEFRGNTPLVF	NLVPMVATV	702	TRA
CALGYSSASKIIF	NLVPMVATV	703	TRA
CALITALNNAGNMLTF	NLVPMVATV	704	TRA
CALSEENTSGTYKYIF	NLVPMVATV	705	TRA
CALSETLTSGTYKYIF	NLVPMVATV	706	TRA
CALSETHLGGSQGNLIF	NLVPMVATV	707	TRA
CAVTYNNNDMRF	NLVPMVATV	708	TRA
CAVNQAGTALIF	NLVPMVATV	709	TRA
CAVRSDQAGTALIF	NLVPMVATV	710	TRA
CAVGLDRGSTLGRLYF	NLVPMVATV	711	TRA
CAVRSTFNFNKFYF	NLVPMVATV	712	TRA
CAVRGDNYGQNFVF	NLVPMVATV	713	TRA
CAVIGSAGKSTF	NLVPMVATV	714	TRA
CAVWRAGNMLTF	NLVPMVATV	715	TRA
CAVLNSNSGYALNF	NLVPMVATV	716	TRA
CAVSLYNNNDMRF	NLVPMVATV	717	TRA
CAVRLIQGAQKLVF	NLVPMVATV	718	TRA
CAALITQGGSEKLVF	NLVPMVATV	719	TRA
CAVHTQGGSEKLVF	NLVPMVATV	720	TRA
CAASRGSGAGSYQLTF	NLVPMVATV	721	TRA
CALNQAGTALIF	NLVPMVATV	722	TRA
CARNTGNQFYF	NLVPMVATV	723	TRA
CAGFNDYKLSF	NLVPMVATV	724	TRA
CIAGGSQGNLIF	NLVPMVATV	726	TRA
CIVSDIQGAQKLVF	NLVPMVATV	727	TRA
CIAVSQGGSEKLVF	NLVPMVATV	728	TRA
CIVRVGYTGFQKLVF	NLVPMVATV	729	TRA
CAGGHGGSQGNLIF	NLVPMVATV	731	TRA
CAAENQGGKLIF	NLVPMVATV	732	TRA
CAASFAGNTPLVF	NLVPMVATV	733	TRA
CAAEDNTDKLIF	NLVPMVATV	734	TRA
CAASGTQTGANNLFF	NLVPMVATV	735	TRA
CAASIGAGNMLTF	NLVPMVATV	736	TRA
CAASGLNNNAGNMLTF	NLVPMVATV	737	TRA
CAAPTGFGNEKLTF	NLVPMVATV	738	TRA
CAAYTGNQFYF	NLVPMVATV	739	TRA
CAAKGGSEKLVF	NLVPMVATV	740	TRA
CAGYYGQNFVF	NLVPMVATV	741	TRA
CAVRERNAGNNRKLIW	NLVPMVATV	742	TRA
CAVRERNAGNNRKLIW	NLVPMVATV	743	TRA
CAVRDRNNAGNMLTF	NLVPMVATV	744	TRA
CAGQRAYSGAGSYQLTF	NLVPMVATV	745	TRA
CAVRPNAGGTSYGKLTF	NLVPMVATV	746	TRA
CAFMIHAGGTSYGKLTF	NLVPMVATV	747	TRA
CAYSTNAGGTSYGKLTF	NLVPMVATV	748	TRA
CAFMKPKGGSNYKLTF	NLVPMVATV	749	TRA
CARLHQTGANNLFF	NLVPMVATV	751	TRA
CAYRSPNYGGSQGNLIF	NLVPMVATV	752	TRA
CAYISNNDMRF	NLVPMVATV	753	TRA
CAWAQGGSEKLVF	NLVPMVATV	754	TRA
CASSALGSEKLVF	NLVPMVATV	755	TRA
CAVPLYGGATNKLIF	NLVPMVATV	756	TRA
CLVGDIQGGGGKLIF	NLVPMVATV	758	TRA
CLVGDSYSSASKIIF	NLVPMVATV	759	TRA
CLVGSPVPFSGGYNKLIF	NLVPMVATV	760	TRA
CLVGSSEGFQKLVF	NLVPMVATV	761	TRA
CAVRSNFGNEKLTF	NLVPMVATV	762	TRA
CAEKLAGTALIF	NLVPMVATV	763	TRA
CAESIRSFNKFYF	NLVPMVATV	764	TRA
CAESINQGGKLIF	NLVPMVATV	765	TRA
CADGLRTGFQKLVF	NLVPMVATV	766	TRA
CALSGYSTLTF	NLVPMVATV	767	TRA
CALGGNNRLAF	NLVPMVATV	768	TRA
CAVNAGNNRKLIW	NLVPMVATV	769	TRA
CAVKNGGSQGNLIF	NLVPMVATV	770	TRA
CAVGNAITSSSDKLIF	NLVPMVATV	771	TRA
CAVGAAEYGNKLVF	NLVPMVATV	772	TRA
CAVRMGGGAGYSTLTF	NLVPMVATV	773	TRA
CAVTSYARLMF	NLVPMVATV	774	TRA
CAVSPSNTGKLIF	NLVPMVATV	775	TRA
CAVTDNNNNDMRF	NLVPMVATV	776	TRA
CAVSEGSNFGNEKLTF	NLVPMVATV	777	TRA
CAVSGANDYKLSF	NLVPMVATV	778	TRA
CAVRGAGYALNF	NLVPMVATV	779	TRA
CAVSWDTGFQKLVF	NLVPMVATV	780	TRA
CALFAGSYIPTF	NLVPMVATV	782	TRA
CATVGTASKLTF	NLVPMVATV	783	TRA
CARNTGNQFYF	NLVPMVATV	784	TRA
CVVGYGQFYF	NLVPMVATV	785	TRA
CAASRKGSNYKLTF	NLVPMVATV	786	TRA
CAFNRDDKIIF	NLVPMVATV	787	TRA
CAEIPNYGGSQGNLIF	NLVPMVATV	788	TRA
CAVRVSGGYNKLIF	NLVPMVATV	789	TRA
CAVTLNNNAGNMLTF	NLVPMVATV	790	TRA
CARNTGNQFYF	NLVPMVATV	791	TRA
CAVRWGGKLSF	NLVPMVATV	792	TRA
CAVRDISARLMF	NLVPMVATV	793	TRA
CAVRDPVGNQFYF	NLVPMVATV	794	TRA
CAVTTGNAGNMLTF	NLVPMVATV	795	TRA
CAVSDYGGSQGNLIF	NLVPMVATV	796	TRA
CAVGPGYSSASKIIF	NLVPMVATV	797	TRA
CAVKGSQGNLIF	NLVPMVATV	798	TRA
CAAYSPAGGGADGLTF	NLVPMVATV	799	TRA
CAASETSYDKVIF	NLVPMVATV	800	TRA
CAETNFGNEKLTF	NLVPMVATV	801	TRA
CAESGGSNYKLTF	NLVPMVATV	802	TRA
CAVKTGRRALTF	NLVPMVATV	804	TRA
CALRSNDYKLSF	NLVPMVATV	805	TRA
CATDARAGGTSYGKLTF	NLVPMVATV	806	TRA
CALTSPYYNQGGKLIF	NLVPMVATV	807	TRA
CALSEAPGGSYIPTF	NLVPMVATV	809	TRA
CAVQAGNNNDMRF	NLVPMVATV	810	TRA
CAEDSGNTPLVF	NLVPMVATV	812	TRA
CAFNDYKLSF	NLVPMVATV	814	TRA
CAWMNRDDKIIF	NLVPMVATV	815	TRA
CAGKSLFGTNAGKSTF	NLVPMVATV	816	TRA
CIVRPRWDSNYQLIW	NLVPMVATV	817	TRA
CAAENQGGKLIF	NLVPMVATV	818	TRA
CATRQGNTPLVF	NLVPMVATV	819	TRA
CAAYTGNQFYF	NLVPMVATV	820	TRA
CAASGNTGNQFYF	NLVPMVATV	821	TRA
CAVRDKGYSTLTF	NLVPMVATV	822	TRA
CAVRDTPGGYQKVTF	NLVPMVATV	823	TRA
CAVRGSFYNQGGKLIF	NLVPMVATV	824	TRA
CAGYYGQNFVF	NLVPMVATV	825	TRA
CAVRDYGQNFVF	NLVPMVATV	826	TRA
CAGFLYNNNDMRF	NLVPMVATV	827	TRA
CAGPMKTSYDKVIF	NLVPMVATV	828	TRA
CAGPMKTSYDKVIF	NLVPMVATV	829	TRA
CAGRHGGTSYGKLTF	NLVPMVATV	830	TRA
CAVTHRFHTASKLTF	NLVPMVATV	831	TRA
CAFMNHTGTASKLTF	NLVPMVATV	832	TRA
CAYIIIQGAQKLVF	NLVPMVATV	833	TRA
CAYRSHYTSGTYKYIF	NLVPMVATV	834	TRA
CAVCMDSSYKLIF	NLVPMVATV	835	TRA
CAVDIHPNDYKLSF	NLVPMVATV	836	TRA
CAVDRLDTDKLIF	NLVPMVATV	837	TRA
CAVDISNAGNMLTF	NLVPMVATV	838	TRA
CAVRATGTASKLTF	NLVPMVATV	839	TRA
CAVRSNFGNEKLTF	NLVPMVATV	840	TRA
CAEEMDSSYKLIF	NLVPMVATV	841	TRA
CAESKRDGGATNKLIF	NLVPMVATV	842	TRA
CAEIPNYGGSQGNLIF	NLVPMVATV	843	TRA
CALVTGYSTLTF	NLVPMVATV	844	TRA
CAVKAHLGGATNKLIF	NLVPMVATV	845	TRA
CAVPPQGGSEKLVF	NLVPMVATV	846	TRA
CALRMIGGGSNYKLTF	NLVPMVATV	847	TRA
CALSGFYNTDKLIF	LPEPLPQGQLTAY	848	TRA
CALSGFYNTDKLIF	LPEPLPQGQLTAY	849	TRA
CALSGFYNTDKLIF	LPEPLPQGQLTAY	850	TRA
CALSGFYNTDKLIF	LPEPLPQGQLTAY	851	TRA
CVVSCSGNTGKLIF	LPEPLPQGQLTAY	852	TRA
CALRDPTGANSKLTF	LPEPLPQGQLTAY	853	TRA
CALSGFYNTDKLIF	GPEPLPQGQLTAY	854	TRA
CALSGFYNTDKLIF	LPEGLPQGQLTAY	855	TRA
CALSGFYNTDKLIF	LPEPLGQGQLTAY	856	TRA
CALSGFYNTDKLIF	LPEPLPQAQLTAY	857	TRA
CALSGFYNTDKLIF	LPEPLPQGGLTAY	858	TRA
CALSGFYNTDKLIF	LPEPLPQGQGTAY	859	TRA
CALSGFYNTDKLIF	LPEPLPQGQLGAY	860	TRA
CALSGFYNTDKLIF	LPEPLPQGQLTGY	861	TRA
CAGAFGSSNTGKLIF	GILGFVFTL	1059	TRA
CAVDHLMNYGGSQGNLIF	GILGFVFTL	1060	TRA
CAAQGSQGNLIF	GILGFVFTL	1061	TRA
CAAQGSQGNLIF	GILGFVFTL	1062	TRA
CAARGSQGNLIF	GILGFVFTL	1063	TRA
CAGADGSSNTGKLIF	GILGFVFTL	1064	TRA
CAGAFGSSNTGKLIF	GILGFVFTL	1065	TRA
CAVGGSQGNLIF	GILGFVFTL	1066	TRA
CAMREGGNGGGFICTIF	GILGFVFTL	1067	TRA
CAFMINAGGTSYGKLTF	GILGFVFTL	1068	TRA
CAGAGGGSQGNLIF	GILGFVFTL	1069	TRA
CAVDHLMNYGGSQGNLIF	GILGFVFTL	1070	TRA
CAAQGSQGNLIF	GILGFVFTL	1071	TRA
CAAQGSQGNLIF	GILGFVFTL	1072	TRA
CAASHIQGAQKLVF	GILGFVFTL	1073	TRA
CAVQGSQGNLIF	GILGFVFTL	1074	TRA
CAGAGGGSQGNLIF	GILGFVFTL	1075	TRA
CAAGGSQGNLIF	GILGFVFTL	1076	TRA
CAGAIGSSNTGKLIF	GILGFVFTL	1077	TRA
CAVDHLMNYGGSQGNLIF	GILGFVFTL	1078	TRA
CAAGGSQGNLIF	GILGFVFTL	1079	TRA
CAGAGSQGNLIF	GILGFVFTL	1080	TRA
CAGAGSQGNLIF	GILGFVFTL	1081	TRA
CAGGGSQGNLIF	GILGFVFTL	1082	TRA
CAGGGSQGNLIF	GILGFVFTL	1083	TRA
CAVTGGGSQGNLIF	GILGFVFTL	1084	TRA
CAFITGNQFYF	NLVPMVATV	1085	TRA
CAFITIGNQFYF	NLVPMVATV	1086	TRA
CASGNNARLMF	NLVPMVATV	1087	TRA
CARNTGNQFYF	NLVPMVATV	1088	TRA
CILDNNNDMRF	NLVPMVATV	1089	TRA
CILDNNNDMRF	NLVPMVATV	1090	TRA
CILDNNNDMRF	NLVPMVATV	1091	TRA
CILDNNNDMRF	NLVPMVATV	1092	TRA
CAVRDIIARLMF	NLVPMVATV	1093	TRA
CAVGGSQGNLIF	GILGFVFTL	1094	TRA
CAAGGSQGNLIF	GILGFVFTL	1095	TRA
CAASFIIQGAQKLVF	GILGFVFTL	1096	TRA
CAGPGGSSNTGKLIF	GILGFVFTL	1097	TRA
CAYRSVPKVSGSRLTF	MLYQHLLPL	1098	TRA
CAVSGNTGKLIF	WMRLLPLL	1099	TRA
CAASLKTSYDKVIF	FGDHPGHSY	1100	TRA
CAESTSGGKLIF	GLCTLVAML	1101	TRA
CVVNGKDSSYKLIF	GLCTLVAML	1102	TRA
CARNTGNQFYF	NLVPMVATV	1103	TRA
CAYPYNNNDMRF	NLVPMVATV	1104	TRA
CAEYTGTASKLTF	NLVPMVATV	1105	TRA
CAGPRQTSYDKVIF	NLVPMVATV	1108	TRA
CAGPRKTSYDKVIF	NLVPMVATV	1109	TRA
CAGPMKTSYDKVIF	NLVPMVATV	1110	TRA
CAGPEKTSYDKVIF	NLVPMVATV	1111	TRA
CAVYGTASKLTF	NLVPMVATV	1112	TRA
CAEISPSGGSYIPTF	NLVPMVATV	1113	TRA
CAGPMKTSYDKVIF	NLVPMVATV	1114	TRA
CATKNTGNQFYF	NLVPMVATV	1115	TRA
CAFIAGNQFYF	NLVPMVATV	1116	TRA
CAVAFGNQFYF	NLVPMVATV	1117	TRA
CARNTGNQFYF	NLVPMVATV	1118	TRA
CAEYTGTASKLTF	NLVPMVATV	1119	TRA
CAERLQTGANNLFF	NLVPMVATV	1120	TRA
CILLGTGANNLFF	NLVPMVATV	1121	TRA
CAMRVPRAQGGSEKLVF	NLVPMVATV	1122	TRA
CARNTGNQFYF	NLVPMVATV	1123	TRA
CAKNTGNQFYF	NLVPMVATV	1125	TRA
CAFPYNNNDMRF	NLVPMVATV	1126	TRA
CARNTGNQFYF	NLVPMVATV	1127	TRA
CARNTGNQFYF	NLVPMVATV	1128	TRA
CILDNNNDMRF	NLVPMVATV	1129	TRA
CARQDGNQFYF	NLVPMVATV	1133	TRA
CAVYYGQNFVF	NLVPMVATV	1135	TRA
CARNTGNQFYF	NLVPMVATV	1138	TRA
CARNTGNQFYF	NLVPMVATV	1139	TRA
CARNTGNQFYF	NLVPMVATV	1140	TRA
CARNTGNQFYF	NLVPMVATV	1141	TRA
CAKNTGNQFYF	NLVPMVATV	1143	TRA
CAFPYNNNDMRF	NLVPMVATV	1144	TRA
CAFPYNNNDMRF	NLVPMVATV	1145	TRA
CAVRDLNARLMF	NLVPMVATV	1204	TRA
CILDNNNDMRF	NLVPMVATV	1212	TRA
CAGGGSQGNLIF	GILGFVFTL	1219	TRA
CAGGGSQGNLIF	GILGFVFTL	1280	TRA
CALSEAGTGGSYIPTF	GILGFVFTL	1294	TRA
CAGPLGGGSQGNLIF	GILGFVFTL	1322	TRA
CAMREVFNDYKLSF	NLVPMVATV	1342	TRA
CAVRDISARLMF	NLVPMVATV	1344	TRA
CILDNNNDMRF	NLVPMVATV	1346	TRA
CAETPTNDYKLSF	NLVPMVATV	1466	TRA
CADYYGQNFVF	NLVPMVATV	1468	TRA
CASPTGNQFYF	NLVPMVATV	1469	TRA
CAEIPSNDYKLSF	NLVPMVATV	1470	TRA
CASGSQGNLIF	NLVPMVATV	1471	TRA
CATYLTGNQFYF	NLVPMVATV	1473	TRA
CAVCNFNKFYF	NLVPMVATV	1474	TRA
CVVNGNNNDMRF	AAFKRSCLK	1475	TRA
CVVNNNNNDMRF	AAFKRSCLK	1476	TRA
CAGARNDYKLSF	AAFKRSCLK	1477	TRA
CALATHTGTASKLTF	AAFKRSCLK	1478	TRA
CAGAIPRDDKIIF	AAFKRSCLK	1479	TRA
CAVRALGNAGNMLTF	RSGGFSFGK	1480	TRA
CAVPDDAGNMLTF	RLARLALVL	1481	TRA
CASMYSGGGADGLTF	RLARLALVL	1482	TRA
CASGGGADGLTF	RLARLALVL	1483	TRA
CAGGGGADGLTF	RLARLALVL	1484	TRA
CAYRSGSDGGSQGNLIF	RLARLALVL	1486	TRA
CAVRDDYGQNFVF	RLARLALVL	1487	TRA
CAASLPQGGSEKLVF	ATGFKQSSKALQRPVAS	1488	TRA
CAARPDSNYQLIW	ALYGFVPVL	1489	TRA
CATDDSGGYQKVTF	AVGSYVYSV	1490	TRA
CAAPGNYGQNFVF	NLNCCSVPV	1491	TRA
CAAYRSGAGSYQLTF	ALYGFVPVL	1492	TRA
CAFYNQGGKLIF	AVGSYVYSV	1493	TRA
CAVISGGGADGLTF	NLNCCSVPV	1495	TRA
CALEAGNKLTF	NLNCCSVPV	1496	TRA
CAVSESRNRDDKIIF	NLNCCSVPV	1497	TRA
CAESGGNNNDMRF	ALYGFVPVL	1498	TRA
CAVSDARNYQLIW	ALYGFVPVL	1499	TRA
CAVEVLQGAQKLVF	ALYGFVPVL	1500	TRA
CAVTGNQFYF	VVMSWAPPV	1501	TRA
CAASRDSGYALNF	VVMSWAPPV	1502	TRA
CAMREANNYGQNFVF	KLFEFLVYGV	1503	TRA
CAVNLDQTGANNLFF	VVMSWAPPV	1504	TRA
CAMREGGNYGQNFVF	VVMSWAPPV	1505	TRA
CAVGAGEAAGNKLTF	VVMSWAPPV	1506	TRA
CAGVLDSNYQLIW	VVMSWAPPV	1507	TRA
CAVRGYSGGGADGLTF	VVMSWAPPV	1508	TRA
CAVRGYSGGGADGLTF	VVMSWAPPV	1509	TRA
CALSDPRGGSQGNLIF	PGVLLKEFTVSGNIL	1510	TRA
CAFMQGKSTF	PGVLLKEFTVSGNIL	1511	TRA
CAVIIQGAQKLVF	PGVLLKEFTVSGNIL	1512	TRA
CAGTQGGSEKLVF	PGVLLKEFTVSGNIL	1513	TRA
CAFISTQGGSEKLVF	PGVLLKEFTVSGNIL	1514	TRA
CAMRQGGSEKLVF	PGVLLKEFTVSGNIL	1515	TRA
CALRDSGGGADGLTF	PGVLLKEFTVSGNIL	1516	TRA
CAVPNSGNTPLVF	PGVLLKEFTVSGNIL	1517	TRA
CAVPNSGNTPLVF	PGVLLKEFTVSGNIL	1518	TRA
CAEAENQAGTALIF	PGVLLKEFTVSGNIL	1519	TRA
CAVRDGTANNLFF	GILGFVFTL	1520	TRA
CAFMKDAGGTSYGKLTF	GILGFVFTL	1521	TRA
CAGGGSQGNLIF	GILGFVFTL	1522	TRA
CALAGSQGNLIF	GILGFVFTL	1523	TRA
CAGADGGSQGNLIF	GILGFVFTL	1524	TRA
CAAGGSQGNLIF	GILGFVFTL	1525	TRA
CAGPTHDMNYGGSQGNLIF	GILGFVFTL	1539	TRA
CALSEVSNAGGTSYGKLTF	GILGFVFTL	1540	TRA
CALFGGYNQGGKLIF	GILGFVFTL	1541	TRA
CAGGGSSNTGKLIF	GILGFVFTL	1542	TRA
CAFMKDAGGTSYGKLTF	GILGFVFTL	1551	TRA
CAGGGSQGNLIF	GILGFVFTL	1552	TRA
CAVRDGTANNLFF	GILGFVFTL	1553	TRA
CAGAEGGSQGNLIF	GILGFVFTL	1554	TRA
CAGAEGGSQGNLIF	GILGFVFTL	1555	TRA
CAGGGSQGNLIF	GILGFVFTL	1556	TRA
CAEDNNARLMF	GLCTLVAML	1565	TRA
CAEDFNARLMF	GLCTLVAML	1566	TRA
CAEDNNARLMF	GLCTLVAML	1567	TRA
CALYSNSGYALNF	GLCTLVAML	1570	TRA
CAEDSNARLMF	GLCTLVAML	1572	TRA
CAEVSGTYKYIF	GLCTLVAML	1577	TRA
CAESTGKLIF	GLCTLVAML	1579	TRA
CAGQSNAGGTSYGKLTF	CVNGSCFTV	1583	TRA
CAPMDSNYQLIW	CVNGSCFTV	1584	TRA
CALPYNAGNNRKLIW	CVNGSCFTV	1585	TRA
CAEIHYGGSQGNLIF	CVNGSCFTV	1586	TRA
CASLSGSARQLTF	CVNGSCFTV	1587	TRA
CAVDILTGGGNKLTF	CVNGSCFTV	1588	TRA
CAVPGNYGQNFVF	CVNGSCFTV	1589	TRA
CAVGSYNTDKLIF	CVNGSCFTV	1590	TRA
CAVSDSYNDMRF	CVNGSCFTV	1591	TRA
CAENAGNMLTF	CVNGSCFTV	1592	TRA
CLVGLYGGATNKLIF	CVNGSCFTV	1593	TRA
CAVSRSYNTDKLIF	CVNGSCFTV	1594	TRA
CAVQAWFSGGYNKLIF	CVNGSCFTV	1596	TRA
CLVGAGNMLTF	CINGVCWTV	1597	TRA
CAESGGSQGNLIF	CINGVCWTV	1598	TRA
CAVSSLMDTGRRALTF	CINGVCWTV	1599	TRA
CAMREDAGGTSYGKLTF	CINGVCWTV	1600	TRA
CILRDLDGGTSYGKLTF	CINGVCWTV	1601	TRA
CLVGDNNNDMRF	CINGVCWTV	1604	TRA
CAYRSPLSGGGADGLTF	CINGVCWTV	1605	TRA
CAYTSGTYKYIF	CINGVCWTV	1606	TRA
CLKAGGFKTIF	CINGVCWTV	1607	TRA
CAVGAGTNAGKSTF	CINGVCWTV	1608	TRA
CAVADPREYGNKLVF	CINGVCWTV	1609	TRA
CAESGGYQKVTF	CINGVCWTV	1610	TRA
CLVGVPVGAGSYQLTF	CINGVCWTV	1611	TRA
CLVVGDNYGQNFVF	CINGVCWTV	1612	TRA
CAASARGNQGGKLIF	CINGVCWTV	1613	TRA
CAYRSATFSGGGADGLTF	CINGVCWTV	1614	TRA
CLDSNDMRF	CINGVCWTV	1617	TRA
CAMREFTSGTYKYIF	CINGVCWTV	1618	TRA
CLVGSPNDYKLSF	CINGVCWTV	1619	TRA
CAVRPGSSNTGKLIF	KSKRTPMGF	1825	TRA
CAAVVRGDKIIF	GPRLGVRAT	1949	TRA
CAVRGPMNTGFQKLVF	GPRLGVRAT	1957	TRA
CALILNQAGTALIF	RAQAPPPSW	2003	TRA
CAYRSLPTNAGNMLTF	RAQAPPPSW	2020	TRA
CAYRSLPTNAGNMLTF	RAQAPPPSW	2021	TRA
CAYRSLPTNAGNMLTF	RAQAPPPSW	2022	TRA
CAYRSLPTNAGNMLTF	RAQAPPPSW	2023	TRA
CILPLVHAGGTSYGKLTF	RLGPVQNEV	2027	TRA
CVVVTLTF	RLGPVQNEV	2038	TRA
CALRGYGQNFVF	GPRLGVRAT	2050	TRA
CAVRFSPVGRNTDKLIF	GPRLGVRAT	2051	TRA
CAAGAAQGAQKLVF	GPRLGVRAT	2052	TRA
CIVRVFNDYKLSF	GPRLGVRAT	2053	TRA
CAVSNTGFQKLVF	GPRLGVRAT	2054	TRA
CAMREGLDDMRF	HYPYRLWHY	2055	TRA
CVVSEERYNQGGKLIF	HPVTKYIM	2087	TRA
CAVTGGDYKLSF	ATDALMTGF	2149	TRA
CAVRAYGQNFVF	GPRLGVRAT	2258	TRA
CAFETGNQFYF	KLVAMGINAV	2260	TRA
CAFMTGSGGYQKVTF	KLVAMGINAV	2265	TRA
CAVNRAGSYQLTF	KLVAMGINAV	2272	TRA
CAYETGNQFYF	KLVAMGINAV	2276	TRA
CATETSNYQLIW	IPSINVHHY	2278	TRA
CAVTGANNLFF	VAANIVLTV	2279	TRA
CAGTRNNLFF	VAANIVLTV	2280	TRA
CAGGSNDYKLSF	VAANIVLTV	2281	TRA
CALSEATYNQGGKLIF	VAANIVLTV	2282	TRA
CAMREGLTGGFKTIF	VAANIVLTV	2283	TRA
CALSPAETSDYKLSF	VAANIVLTV	2284	TRA
CAVDMGNTPLVF	VAANIVLTV	2285	TRA
CALRSGYALNF	VAANIVLTV	2286	TRA
CAVRDIFNAGNMLTF	VAANIVLTV	2287	TRA
CAFYSGGGADGLTF	VAANIVLTV	2288	TRA
CAASGTLTTSGTYKYIF	VAANIVLTV	2289	TRA
CAVVRTQGGSEKLVF	VAANIVLTV	2290	TRA
CAGILSYGQNFVF	VAANIVLTV	2291	TRA
CLLMEYGNKLVF	VAANIVLTV	2292	TRA
CAFFPYGQNFVF	VAANIVLTV	2293	TRA
CAADNQGGKLIF	GILGFVFTL	2294	TRA
CAGAFGSSNTGKLIF	GILGFVFTL	2295	TRA
CAGNYGGSQGNLIF	GILGFVFTL	2296	TRA
CAGGGSQGNLIF	GILGFVFTL	2297	TRA
CAVSPMEYGNKLVF	GILGFVFTL	2298	TRA
CAGGGSQGNLIF	GILGFVFTL	2299	TRA
CAGNYGGSQGNLIF	GILGFVFTL	2300	TRA
CAPLLQGAQKLVF	GILGFVFTL	2301	TRA
CAASAGGGSQGNLIF	GILGFVFTL	2302	TRA
CAVGGSQGNLIF	GILGFVFTL	2303	TRA
CALSGIGGSQGNLIF	GILGFVFTL	2304	TRA
CAADNQGGKLIF	GILGFVFTL	2305	TRA
CAGASGSSNTGKLIF	GILGFVFTL	2308	TRA
CAGDGGGGSQGNLIF	GILGFVFTL	2313	TRA
CAASAGGGSQGNLIF	GILGFVFTL	2314	TRA
CADSSSNTGKLIF	GILGFVFTL	2317	TRA
CAGAFGSSNTGKLIF	GILGFVFTL	2318	TRA
CALSGIGGSQGNLIF	GILGFVFTL	2320	TRA
CAATPSNTGKLIF	GILGFVFTL	2324	TRA
CAGADGSGNTGKLIF	GILGFVFTL	2325	TRA
CAGNYGGSQGNLIF	GILGFVFTL	2326	TRA
CALSEVQLMDSNYQLIW	GILGFVFTL	2329	TRA
CAIVEAEYGNKLVF	GILGFVFTL	2330	TRA
CAGAGNTGKLIF	GILGFVFTL	2334	TRA
CAGPSEPGDSNYQLIW	GILGFVFTL	2336	TRA
CAGGGSQGNLIF	GILGFVFTL	2342	TRA
CADSSSNTGKLIF	GILGFVFTL	2347	TRA
CAADNQGGKLIF	GILGFVFTL	2354	TRA
CAGNYGGSQGNLIF	GILGFVFTL	2356	TRA
CAGAFGSSNTGKLIF	GILGFVFTL	2359	TRA
CALSGIGGSQGNLIF	GILGFVFTL	2360	TRA
CAATPSNTGKLIF	GILGFVFTL	2362	TRA
CAGPSEPGDSNYQLIW	GILGFVFTL	2364	TRA
CAGNYGGSQGNLIF	GILGFVFTL	2365	TRA
CAGQRGDGGSQGNLIF	GILGFVFTL	2369	TRA
CAGADGSGNTGKLIF	GILGFVFTL	2373	TRA
CAAIPVRNGRMNYGGSQGNLIF	GILGFVFTL	2374	TRA
CATDGGGGSQGNLIF	GILGFVFTL	2382	TRA
CAPGGDGGSQGNLIF	GILGFVFTL	2385	TRA
CATDGGGGSQGNLIF	GILGFVFTL	2386	TRA
CAVSDGENARLMF	GILGFVFTL	2387	TRA
CALLMDSNYQLIW	GILGFVFTL	2388	TRA
CAGAFGSSNTGKLIF	GILGFVFTL	2389	TRA
CADSSSNTGKLIF	GILGFVFTL	2390	TRA
CVASYGGSQGNLIF	GILGFVFTL	2391	TRA
CAESIPAGANSKLTF	GILGFVFTL	2392	TRA
CAADNQGGKLIF	GILGFVFTL	2393	TRA
CAIQGSQGNLIF	GILGFVFTL	2394	TRA
CAGAGGGSQGNLIF	GILGFVFTL	2395	TRA
CAGAGGGSQGNLIF	GILGFVFTL	2396	TRA
CAGAGGGSQGNLIF	GILGFVFTL	2397	TRA
CAGAGSQGNLIF	GILGFVFTL	2398	TRA
CAGPSEPGDSNYQLIW	GILGFVFTL	2400	TRA
CAAIPVRNGRMNYGGSQGNLIF	GILGFVFTL	2403	TRA
CAGGGSQGNLIF	GILGFVFTL	2405	TRA
CAGADGSGNTGKLIF	GILGFVFTL	2407	TRA
CALIQGAQKLVF	IVTDFSVIK	2429	TRA
CATDDDSARQLTF	TAFTIPSI	2433	TRA
CATDDDSARQLTF	TAFTIPSI	2434	TRA
CVVSERAGGYQKVTF	TAFTIPSI	2435	TRA
CATDDDSARQLTF	TAFTIPSI	2436	TRA
CAAQRANRDDKIIF	TAFTIPSI	2437	TRA
CAVSRGGSNYKLTF	TAFTIPSI	2438	TRA
CATDDDSARQLTF	TAFTIPSI	2440	TRA
CATDDDSARQLTF	TAFTIPSI	2441	TRA
CATDEAGRRALTF	TAFTIPSI	2442	TRA
CATDDDSARQLTF	TAFTIPSI	2443	TRA
CATDEDSARQLTF	TAFTIPSI	2446	TRA
CATDVAGRRALTF	TAFTIPSI	2447	TRA
CATDEDSARQLTF	TAFTIPSI	2448	TRA
CAERTGGGNKLTF	TAFTIPSI	2449	TRA
CAMRGPNRDDKIIF	TAFTIPSI	2450	TRA
CVVQPGGYQKVTF	HMTEVVRHC	2451	TRA
CAFMGYSGAGSYQLTF	HMTEVVRHC	2452	TRA
CAMSGLKEDSSYKLIF	HMTEVVRHC	2453	TRA
CLVGDRDQAGTALIF	GADGVGKSAL	2456	TRA
CLVGDMDQAGTALIF	GADGVGKSAL	2457	TRA
CLVGDMDQAGTALIF	GADGVGKSAL	2458	TRA
CAVDNFNKFYF	KVDPIGHVY	2459	TRA
CAFTELNSGGSNYKLTF	FVVPYMIYLL	2461	TRA
CVVNTNAGKSTF	VQIISCQY	2462	TRA
CASSGGNTPLVF	VQIISCQY	2463	TRA
CAGPTTSGTYKYIF	YLSNIIPAL	2464	TRA
CVVSASYNTDKLIF	QLCDVMFYL	2465	TRA
CAVIDYKLSF	YLYDRLLRV	2466	TRA
CAVRGTSGYALNF	LYPEFIASI	2467	TRA
CAMSPLLETGANNLFF	MLIGIPVYV	2468	TRA
CAYFGAQKLVF	KLYGLDWAEL	2469	TRA
CAYFGAQKLVF	KLYGLDWAEL	2470	TRA
CAYFGAQKLVF	KLYGLDWAEL	2471	TRA
CAYFGAQKLVF	KLYGLDWAEL	2472	TRA
CAYFGAQKLVF	KLYGLDWAEL	2473	TRA
CARYYGQNFVF	KLYGLDWAEL	2474	TRA
CALDDRGSTLGRLYF	KLYGLDWAEL	2475	TRA
CVVSDLYNTDKLIF	ALDPHSGHFV	2476	TRA
CVVSDLYNTDKLIF	ALDPHSGHFV	2477	TRA
CAMSSLSGNTGKLIF	ALDPHSGHFV	2478	TRA
CALPYGNKLVF	ALDPHSGHFV	2479	TRA
CAVILRSNDYKLSF	ALDPHSGHFV	2480	TRA
CALPYGNKLVF	ALDPHSGHFV	2481	TRA
CALNPFNAGNMLTF	ALSPVIPHI	2482	TRA
CALNPFNAGNMLTF	ALSPVIPHI	2483	TRA
CALNPFNAGNMLTF	ALSPVIPHI	2484	TRA
CALNPFNAGNMLTF	ALSPVIPHI	2485	TRA
CALNPFNAGNMLTF	ALSPVIPHI	2486	TRA
CALNPFNAGNMLTF	ALSPVIPHI	2487	TRA
CAVGEAGGGNKLTF	ALSPVIPHI	2488	TRA
CAVGEAGGGNKLTF	ALSPVIPHI	2489	TRA
CAVGEAGGGNKLTF	ALSPVIPHI	2490	TRA
CAVGEAGGGNKLTF	ALSPVIPHI	2491	TRA
CAFMQFDMRF	KLFEFLVYGV	2492	TRA
CAFMQFDMRF	KLFEFLVYGV	2493	TRA
CAVDTNTDKLIF	KLFEFLVYGV	2494	TRA
CAVDTNTDKLIF	KLFEFLVYGV	2495	TRA
CAVDTNTDKLIF	KLFEFLVYGV	2496	TRA
CILRGGGADGLTF	EFFWDANDIY	2497	TRA
CAVRDGGTGFQKLVF	HPVGEADYFEY	2505	TRA
CAARGIGSGTYKYIF	HPVGEADYFEY	2506	TRA
CAARGIGSGTYKYIF	HPVGEADYFEY	2507	TRA
CAFMKDAGGTSYGKLTF	GILGFVFTL	2659	TRA
CAEDNNARLMF	GLCTLVAML	3025	TRA
CAESTGKLIF	GLCTLVAML	3273	TRA
CAGGGSQGNLIF	GILGFVFTL	3281	TRA
CAASETSYDKVIF	RAKFKQLL	3333	TRA
CAGHTGNQFYF	IVTDFSVIK	3482	TRA
CADSGGGADGLTF	RAKFKQLL	3655	TRA
CAGGGSQGNLIF	GILGFVFTL	4040	TRA
CAGGGSSNTGKLIF	GILGFVFTL	5611	TRA
CAGGGSQGNLIF	GILGFVFTL	5748	TRA
CAGGGSQGNLIF	GILGFVFTL	6250	TRA
CAGHTGNQFYF	IVTDFSVIK	6281	TRA
CAGGGSQGNLIF	GILGFVFTL	6285	TRA
CADSGGGADGLTF	RAKFKQLL	6370	TRA
CAASETSYDKVIF	RAKFKQLL	6438	TRA
CAEDNNARLMF	GLCTLVAML	6628	TRA
CAGGGSSNTGKLIF	GILGFVFTL	6758	TRA
CAAGGSQGNLIF	GILGFVFTL	7010	TRA
CAIGPGNMLTF	KLGGALQAK	16084	TRA
CAVDLMKTSYDKVIF	IVTDFSVIK	22411	TRA
CAGNYGGSQGNLIF	GILGFVFTL	22866	TRA
CAGAYGGSQGNLIF	GILGFVFTL	22867	TRA
CATDGGGGSQGNLIF	GILGFVFTL	22869	TRA
CAGGGSQGNLIF	GILGFVFTL	22874	TRA
CAEGARDSNYQLIW	GILGFVFTL	22875	TRA
CAGPSNTGKLIF	GILGFVFTL	22883	TRA
CILKTGANNLFF	GILGFVFTL	22893	TRA
CAVRDISVSGGYQKVTF	GILGFVFTL	22894	TRA
CAMREVPRGASKLTF	GILGFVFTL	22895	TRA
CAMREDPGGTSYGKLTF	GILGFVFTL	22909	TRA
CAFGHGSSNTGKLIF	GILGFVFTL	22912	TRA
CAVPGSQGNLIF	GILGFVFTL	22918	TRA
CAGGGSQGNLIF	GILGFVFTL	22919	TRA
CAVGGDGGSQGNLIF	GILGFVFTL	22920	TRA
CAGASGNTGKLIF	GILGFVFTL	22924	TRA
CAGGGSQGNLIF	GILGFVFTL	22925	TRA
CAVGGDGGSQGNLIF	GILGFVFTL	22929	TRA
CALSGVGGFGNEKLTF	GILGFVFTL	22930	TRA
CAGGGSQGNLIF	GILGFVFTL	22932	TRA
CAGGGSQGNLIF	GILGFVFTL	22933	TRA
CAGGGSQGNLIF	GILGFVFTL	22936	TRA
CAGPGSQGNLIF	GILGFVFTL	22939	TRA
CAGGGSQGNLIF	GILGFVFTL	22941	TRA
CAGPGSQGNLIF	GILGFVFTL	22942	TRA
CAGAGSQGNLIF	GILGFVFTL	22943	TRA
CAGGGSQGNLIF	GILGFVFTL	22944	TRA
CAGGGSSNTGKLIF	GILGFVFTL	22945	TRA
CGTDEAGGSQGNLIF	GILGFVFTL	22947	TRA
CASPGSNTGKLIF	GILGFVFTL	22956	TRA
CAGSYGGSQGNLIF	GILGFVFTL	22960	TRA
CAGGGSQGNLIF	GILGFVFTL	22968	TRA
CAGGGSQGNLIF	GILGFVFTL	22970	TRA
CAFMKDAGGTSYGKLTF	GILGFVFTL	22973	TRA
CAFMKDAGGTSYGKLTF	GILGFVFTL	22978	TRA
CAGGGSQGNLIF	GILGFVFTL	22990	TRA
CAFMKDAGGTSYGKLTF	GILGFVFTL	22991	TRA
CALKRSNTGKLIF	GILGFVFTL	22993	TRA
CAFMKGAGGTSYGKLTF	GILGFVFTL	22994	TRA
CAMRGEEGSQGNLIF	GILGFVFTL	22995	TRA
CAGAGSQGNLIF	GILGFVFTL	22996	TRA
CALSDSGYNKLIF	GILGFVFTL	22997	TRA
CATHNFGNEKLTF	GILGFVFTL	22998	TRA
CGAAHNYGQNFVF	GILGFVFTL	22999	TRA
CAGAGSQGNLIF	GILGFVFTL	23000	TRA
CAGASPGGYGGSQGNLIF	GILGFVFTL	23001	TRA
CGGGGSQGNLIF	GILGFVFTL	23003	TRA
CAVRDRVDGTASKLTF	GILGFVFTL	23004	TRA
CALYTGANSKLTF	TLWCSPIKV	23005	TRA
CAASQLGGKLIF	TLWCSPIKV	23006	TRA
CAEKKNSGNTPLVF	TLWCSPIKV	23007	TRA
CAVLQRRSGGSNYKLTF	TLWCSPIKV	23008	TRA
CAVHGDDYKLSF	TLWCSPIKV	23009	TRA
CATGNSGGSNYKLTF	TLWCSPIKV	23010	TRA
CAVRFLLGGGGADGLTF	TLWCSPIKV	23011	TRA
CAVRDLTLGNDMRF	TLWCSPIKV	23012	TRA
CARPAAERDDKIIF	TLWCSPIKV	23013	TRA
CAASSVATDKLIF	FMPDFDLHL	23014	TRA
CAVIPWGANNLFF	FMPDFDLHL	23015	TRA
CAFEDSGGSNYKLTF	EVLPFFLFF	23016	TRA
CALTGGSTLGRLYF	QTNPVTLQY	23017	TRA
CALIQGAQKLVF	TLYSLTLLY	23018	TRA
CATEPRGGYQKVTF	TEDEHFEFY	23019	TRA
CAYRIYYGNKLVF	TEDEHFEFY	23020	TRA
CAVGRTGTYKYIF	FLIYLDVSV	23021	TRA
CAVAGGGGADGLTF	FLIYLDVSV	23022	TRA
CVVNTGGSYIPTF	FLIYLDVSV	23023	TRA
CAVSDEGTGGFKTIF	CISSCNPNL	23024	TRA
CAYRSVDMEYGNKLVF	KLTESLHKV	23025	TRA
CAAAASGGSYIPTF	EPLPQGQLTAY	23026	TRA
CAVQASGGSYIPTF	EPLPQGQLTAY	23027	TRA
CAVAASGGSYIPTF	EPLPQGQLTAY	23028	TRA
CAVRDSGGSYIPTF	EPLPQGQLTAY	23029	TRA
CAVRDFLLSGGYNKLIF	EPLPQGQLTAY	23030	TRA
CAVRDLLRSGGYNKLIF	EPLPQGQLTAY	23031	TRA
CAVANQAGTALIF	EPLPQGQLTAY	23032	TRA
CAVRGRYTDKLIF	EPLPQGQLTAY	23033	TRA
CAMREGGGGSNYKLTF	EPLPQGQLTAY	23034	TRA
CAAGGSQGNLIF	GILGFVFTL	23088	TRA
CAAPGAGSYQLTF	NLVPMVATV	23141	TRA
CAASRDYKLSF	GLCTLVAML	23362	TRA
CAEDAGNMLTF	GLCTLVAML	23462	TRA
CAEDAGNMLTF	GLCTLVAML	23463	TRA
CAEDDNARLMF	GLCTLVAML	23465	TRA
CAEDDNARLMF	GLCTLVAML	23466	TRA
CAEDNNARLMF	GLCTLVAML	23469	TRA
CAEDNNARLMF	GLCTLVAML	23470	TRA
CAEDNNARLMF	GLCTLVAML	23471	TRA
CAEDNNARLMF	GLCTLVAML	23475	TRA
CAEDNNARLMF	GLCTLVAML	23476	TRA
CAEDNNARLMF	GLCTLVAML	23478	TRA
CAEDNNARLMF	GLCTLVAML	23479	TRA
CAEDNNARLMF	GLCTLVAML	23480	TRA
CAEDNNARLMF	GLCTLVAML	23481	TRA
CAEDNNPRLMF	GLCTLVAML	23483	TRA
CAEDNYGQNFVF	GLCTLVAML	23485	TRA
CAEIPNYGGSQGNLIF	NLVPMVATV	23491	TRA
CAEIQASGGSYIPTF	NLVPMVATV	23492	TRA
CAEIQASGGSYIPTF	NLVPMVATV	23493	TRA
CAEITGGGNKLTF	NLVPMVATV	23495	TRA
CAEITGGGNKLTF	NLVPMVATV	23496	TRA
CAEKGGTALIF	GLCTLVAML	23498	TRA
CAELGNDMRF	GLCTLVAML	23502	TRA
CAENGGGSTLGRLYF	GILGFVFTL	23504	TRA
CAENMGGGSQGNLIF	GILGFVFTL	23507	TRA
CAENRYSTLTF	GLCTLVAML	23511	TRA
CAESIGKLIF	GLCTLVAML	23515	TRA
CAESIGKLIF	GLCTLVAML	23516	TRA
CAESIGKLIF	GLCTLVAML	23517	TRA
CAESQGNLIF	GLCTLVAML	23524	TRA
CAESTCWGKLQF	GLCTLVAML	23526	TRA
CAESTGKLIF	GLCTLVAML	23528	TRA
CAESTSWGKLQF	GLCTLVAML	23530	TRA
CAETRSRDYKLSF	NLVPMVATV	23532	TRA
CAEYSSASKIIF	GLCTLVAML	23534	TRA
CAFLNAGKSTF	GILGFVFTL	23539	TRA
CAFMSSPGGTSYGKLTF	GILGFVFTL	23544	TRA
CAFPYNNNDMRF	NLVPMVATV	23546	TRA
CAGADGGSQGNLIF	GILGFVFTL	23555	TRA
CAGADGGSQGNLIF	GILGFVFTL	23556	TRA
CAGAGGGSQGNLIF	GILGFVFTL	23562	TRA
CAGAGGGSQGNLIF	GILGFVFTL	23567	TRA
CAGAGSQGNLIF	GILGFVFTL	23574	TRA
CAGAPGSSNTGKLIF	GILGFVFTL	23587	TRA
CAGAPRTSGTYKYIF	GILGFVFTL	23588	TRA
CAGARAGGTSYGKLTF	GILGFVFTL	23590	TRA
CAGASGSSNTGKLIF	GILGFVFTL	23593	TRA
CAGASGSSNTGKLIF	GILGFVFTL	23595	TRA
CAGATGNTGKLIF	GILGFVFTL	23598	TRA
CAGAYGGSQGNLIF	GILGFVFTL	23604	TRA
CAGGGSQGNLIF	GILGFVFTL	23615	TRA
CAGGGSQGNLIF	GILGFVFTL	23618	TRA
CAGGGSQGNLIF	GILGFVFTL	23619	TRA
CAGGGSQGNLIF	GILGFVFTL	23620	TRA
CAGGGSQGNLIF	GILGFVFTL	23621	TRA
CAGGGSQGNLIF	GILGFVFTL	23622	TRA
CAGGGSQGNLIF	GILGFVFTL	23623	TRA
CAGGGSQGNLIF	GILGFVFTL	23624	TRA
CAGGGSQGNLIF	GILGFVFTL	23625	TRA
CAGGGSQGNLIF	GILGFVFTL	23627	TRA
CAGGGSQGNLIF	GILGFVFTL	23628	TRA
CAGGGSSNTGKLIF	GILGFVFTL	23629	TRA
CAGIDNYGQNFVF	GILGFVFTL	23634	TRA
CAGKTSYDKVIF	NLVPMVATV	23635	TRA
CAGLSGGSYIPTF	GILGFVFTL	23637	TRA
CAGPDGSSNTGKLIF	GILGFVFTL	23642	TRA
CAGPFGRLMF	GILGFVFTL	23646	TRA
CAGPRETSYDKVIF	NLVPMVATV	23649	TRA
CAGPRETSYDKVIF	NLVPMVATV	23650	TRA
CAGQASQGNLIF	NLVPMVATV	23651	TRA
CAGRDGGSQGNLIF	GILGFVFTL	23655	TRA
CAGRDGGSQGNLIF	GILGFVFTL	23656	TRA
CAHDNNARLMF	GLCTLVAML	23678	TRA
CAHLGGSSNTGKLIF	NLVPMVATV	23680	TRA
CALAGSQGNLIF	GILGFVFTL	23695	TRA
CALNDYKLSF	GILGFVFTL	23871	TRA
CALRCFGNEKLTF	GLCTLVAML	23885	TRA
CALRVMNRDDKIIF	GILGFVFTL	23914	TRA
CALSDSGGSNYKLTF	GILGFVFTL	23974	TRA
CALSEAGKTSYDKVIF	GILGFVFTL	23988	TRA
CALSEAGRGGSYIPTF	GILGFVFTL	23989	TRA
CALSEALVTGGGNKLTF	GILGFVFTL	23990	TRA
CALSEASGNAGNMLTF	GILGFVFTL	23991	TRA
CALSGSSVGAAGNKLTF	GILGFVFTL	24031	TRA
CAMRDSQGGSEKLVF	GILGFVFTL	24185	TRA
CAMRGDPGGTSYGKLTF	GILGFVFTL	24279	TRA
CAMSERNNARLMF	GILGFVFTL	24367	TRA
CAMSERNNARLMF	GILGFVFTL	24368	TRA
CARNTGNQFYF	NLVPMVATV	24409	TRA
CARNTGNQFYF	GILGFVFTL	24410	TRA
CARNTGNQFYF	NLVPMVATV	24412	TRA
CARNTGNQFYF	NLVPMVATV	24413	TRA
CASDNNARLMF	GLCTLVAML	24421	TRA
CASGGSQGNLIF	GILGFVFTL	24423	TRA
CASGGSQGNLIF	GLCTLVAML	24424	TRA
CATDALGNGNEKLTF	GILGFVFTL	24452	TRA
CAVADTGNQFYF	NLVPMVATV	24567	TRA
CAVAFGNQFYF	NLVPMVATV	24568	TRA
CAVDDLYSNYQLIW	GLCTLVAML	24579	TRA
CAVDGSQGNLIF	GILGFVFTL	24585	TRA
CAVGEDSSYKLIF	GLCTLVAML	24598	TRA
CAVINQAGTALIF	GILGFVFTL	24625	TRA
CAVNIDTMDSNYQLIW	GLCTLVAML	24648	TRA
CAVNLNEKLTF	GILGFVFTL	24649	TRA
CAVNNYGQNFVF	GILGFVFTL	24654	TRA
CAVNPAEYGNKLVF	GILGFVFTL	24655	TRA
CAVPKGSQGNLIF	GILGFVFTL	24671	TRA
CAVPPDSWGKLQF	GILGFVFTL	24675	TRA
CAVPYSGGGADGLTF	GILGFVFTL	24679	TRA
CAVRDGTGANNLFF	GILGFVFTL	24692	TRA
CAVRDNSITGGFKTIF	NLVPMVATV	24697	TRA
CAVREVEYGNKLVF	GILGFVFTL	24710	TRA
CAVRNNNARLMF	NLVPMVATV	24723	TRA
CAVRNNNARLMF	NLVPMVATV	24724	TRA
CAVRPGYSSASKIIF	NLVPMVATV	24731	TRA
CAVRQDYQLIW	NLVPMVATV	24734	TRA
CAVSDSGTGNQFYF	GILGFVFTL	24943	TRA
CAVSGSQGNLIF	GILGFVFTL	25102	TRA
CAVSGSYNTDKLIF	NLVPMVATV	25105	TRA
CAVSPVSNFGNEKLTF	GILGFVFTL	25226	TRA
CAVSVRMDSSYKLIF	GILGFVFTL	25327	TRA
CAVTPPPSYDKVIF	NLVPMVATV	25363	TRA
CAVTPSNTGKLIF	GILGFVFTL	25364	TRA
CAYEVRDDKIIF	GILGFVFTL	25386	TRA
CAYSTNAGGTSYGKLTF	GILGFVFTL	25392	TRA
CIAHGGGGADGLTF	GILGFVFTL	25403	TRA
CILSNNNDMRF	NLVPMVATV	25444	TRA
CILSNNNDMRF	NLVPMVATV	25445	TRA
CILSNNNDMRF	NLVPMVATV	25446	TRA
CILSNNNDMRF	NLVPMVATV	25449	TRA
CLVGSMDSNYQLIW	GILGFVFTL	25460	TRA
CVVRDNNDMRF	GILGFVFTL	25561	TRA
CAVSDKNRDDKIIF	CPSQEPMSIYVY	25568	TRA
CATEIRMDSSYKLIF	TPRVTGGGAM	25569	TRA
CATEGRMDSSYKLIF	TPRVTGGGAM	25570	TRA
CATRPPGAGSYQLTF	TPRVTGGGAM	25571	TRA
CATVSRMDSSYKLIF	TPRVTGGGAM	25572	TRA
CATEGRMDSSYKLIF	TPRVTGGGAM	25573	TRA
CADYYGQNFVF	NLVPMVATV	25574	TRA
CASNTGNQFYF	NLVPMVATV	25575	TRA
CAEKRPTDKLIF	DATYQRTRALVR	25576	TRA
CAYRSSFDMRF	DATYQRTRALVR	25577	TRA
CAGLKAAGNKLTF	DATYQRTRALVR	25596	TRA
CLVGDGSGYSTLTF	DATYQRTRALVR	25597	TRA
CLVGDLGNTGFQKLVF	DATYQRTRALVR	25598	TRA
CAALANQAGTALIF	DATYQRTRALVR	25599	TRA
CAHRSAGGGTSYGKLTF	DATYQRTRALVR	25600	TRA
CAVDNARLMF	DATYQRTRALVR	25601	TRA
CAERIRKGQVLTGGGNKLTF	DATYQRTRALVR	25602	TRA
CVVTSAGSQGNLIF	DATYQRTRALVR	25603	TRA
CILTHSNSGYALNF	DATYQRTRALVR	25604	TRA
CAVGPGSNNDMRF	DATYQRTRALVR	25605	TRA
CLVGDGAGYSTLTF	DATYQRTRALVR	25606	TRA
CAVKVSNQFYF	DATYQRTRALVR	25607	TRA
CAYRSAGGGTSYGKLTF	DATYQRTRALVR	25608	TRA
CATDAARQLTF	DATYQRTRALVR	25609	TRA
CAVKYGNKLVF	DATYQRTRALVR	25611	TRA
CVVNANSGNTPLVF	DATYQRTRALVR	25612	TRA
CLVGDLINSGGYNKLIF	DATYQRTRALVR	25618	TRA
CALSNTGGFKTIF	DATYQRTRALVR	25659	TRA
CILGSNDYKLSF	GLCTLVAML	25697	TRA
CATDAGNDMRF	GLCTLVAML	25710	TRA
CAESTGKLIF	GLCTLVAML	25713	TRA
CAESTGKLIF	GLCTLVAML	25731	TRA
CALSEAGMDSNYQLIW	SMGVTYEM	26629	TRA
CALSEAGMDSNYQLIW	YMGVSYEM	26630	TRA
CALSEAGMDSNYQLIW	YMGVVYEM	26631	TRA
CALSEAGMDSNYQLIW	KMGVTYEM	26632	TRA
CALSEAGMDSNYQLIW	FMGVTYEM	26633	TRA
CALSEARGGATNKLIF	LMDMHNGQL	26634	TRA
CALSEARGGATNKLIF	RLDAMNGQL	26635	TRA
CALSEARGGATNKLIF	RMDYNNMQM	26636	TRA
CALSEARGGATNKLIF	GMDYHNGHL	26637	TRA
CALSEARGGATNKLIF	KMDYFSGQL	26638	TRA
CALSEARGGATNKLIF	SMDWFQGQM	26639	TRA
CALSEARGGATNKLIF	LMDYWQGQL	26640	TRA
CALSEARGGATNKLIF	NMMWFQGQL	26641	TRA
CALSEARGGATNKLIF	VLDLFQGQL	26642	TRA
CALSEARGGATNKLIF	MMDFFNAQM	26643	TRA
CALSEARGGATNKLIF	TMDFYQGQL	26644	TRA
CALSEARGGATNKLIF	KMDYFSGQL	26645	TRA
CALSEARGGATNKLIF	SMDWFQGQM	26646	TRA
CALSEARGGATNKLIF	LMDYWQGQL	26647	TRA
CALSEARGGATNKLIF	NMMWFQGQL	26648	TRA
CALSEARGGATNKLIF	MMDFFNAQM	26649	TRA
CALSSRGSTLGRLYF	RMEQVDWTV	26650	TRA
CALSSRGSTLGRLYF	KLEFMDWRL	26651	TRA
CALSSRGSTLGRLYF	WLDNFELCL	26652	TRA
CALSSRGSTLGRLYF	TLEYMDWLV	26653	TRA
CALSSRGSTLGRLYF	EMMLFDWKV	26654	TRA
CALSSRGSTLGRLYF	KLEQLDWTV	26655	TRA
CALSSRGSTLGRLYF	TMETIDWKV	26656	TRA
CALSSRGSTLGRLYF	TLEELDWCL	26657	TRA
CALSSRGSTLGRLYF	LLEDLDWDV	26658	TRA
CALSSRGSTLGRLYF	VLEEVDWLI	26659	TRA
CALSSRGSTLGRLYF	NMEYMTWDV	26660	TRA
CALSSRGSTLGRLYF	NVEYYDIKL	26661	TRA
CAVFTFNAGGTSYGKLTF	ELAGIGILTV	26662	TRA
CAVGGGADGLTF	ELAGIGILTV	26663	TRA
CAVGTAWRSGGGADGLTF	ELAGIGILTV	26664	TRA
CAVPIKAAGNKLTF	ELAGIGILTV	26665	TRA
CAVSVNMEYGNKLVF	ELAGIGILTV	26666	TRA
CAFSNTGNQFYF	ELAGIGILTV	26667	TRA
CAVPPAVYNFNKFYF	EAAGIGILTV	26668	TRA
CAVNESGGGADGLTF	EAAGIGILTV	26669	TRA
CAALTGFQKLVF	EAAGIGILTV	26670	TRA
CAVPPAVYNFNKFYF	EAAGIGILTV	26671	TRA
CAVNNARLMF	EAAGIGILTV	26672	TRA
CAVNLAWNNNARLMF	EAAGIGILTV	26673	TRA
CAVNSGNQFYF	EAAGIGILTV	26674	TRA
CAVRHAGGTSYGKLTF	EAAGIGILTV	26675	TRA
CAVNRNEKLTF	ELAGIGILTV	26676	TRA
CAVGTAWRSGGGADGLTF	ELAGIGILTV	26677	TRA
CAVKGQTGANNLFF	ELAGIGILTV	26678	TRA
CAVNRNEKLTF	ELAGIGILTV	26679	TRA
CAVNSGNQFYF	ELAGIGILTV	26680	TRA
CAVNGNNNDMRF	ELAGIGILTV	26681	TRA
CAVSRGTGDFNKFYF	EAAGIGILTV	26682	TRA
CAALNTGTASKLTF	EAAGIGILTV	26683	TRA
CAVNSGNQFYF	EAAGIGILTV	26684	TRA
CAVNSGNQFYF	EAAGIGILTV	26685	TRA
CAVSAAGNKLTF	ELAGIGILTV	26686	TRA
CATDRGTDKLIF	EFTVSGNIL	26687	TRA
CAEGDTGRRALTF	ESITGSLGPLL	26688	TRA
CAGMDSNYQLIW	LAMPFATPM	26689	TRA
CALQGWVRGADGLTF	KASEKIFYV	26690	TRA
CAVEPMEYGNKLVF	KASEKIFYV	26691	TRA
CAYRSSNFNEKLTF	KASEKIFYV	26693	TRA
CAVAHSGGYQKVTF	KASEKIFYV	26694	TRA
CALEVRSSASKIIF	MEVDPIGHLY	26695	TRA
CVVRGMDSSYKLIF	HRRGSRSYV	26696	TRA
CVVSFSGNTPLVF	APRGPHGGAASGL	26697	TRA
CALSESYSGAGSYQLTF	RVRFFFPSL	26698	TRA
CILRDTVGSQGNLIF	VLNGTVHPV	26699	TRA
CAVYGGATNKLIF	EEAAGIGIL	26700	TRA
CLVGDVEGSQGNLIF	FQDYIKSYL	26701	TRA
CAANSGNTPLVF	RYGSFSVTL	26702	TRA
CAASLNTGKLIF	APRGPHGGAASGL	26703	TRA
CLVGEILDNFNKFYF	APRGPHGGAASGL	26704	TRA
CATGNDYKLSF	APRGPHGGAASGL	26705	TRA
CLVVDQKLVF	APRGPHGGAASGL	26706	TRA
CGTETNTGNQFYF	YLEPGPVTA	26707	TRA
CAASTSGGTSYGKLTF	YLEPGPVTA	26708	TRA
CAVLSSGGSNYKLTF	YLEPGPVTA	26709	TRA
CATDGDTPLVF	YLEPGPVTA	26710	TRA
CAVRPTSGGSYIPTF	SLLMWITQC	26711	TRA
CAVNFGGGKLIF	AAGIGILTV	26712	TRA
CAGGTGNQFYF	AAGIGILTV	26713	TRA
CAVTTDSWGKLQF	LLFGYPVYV	26714	TRA
CAAMEGAQKLVF	LLFGYPVYV	26715	TRA
CAVRPTSGGSYIPTF	SLLMWITQC	26716	TRA
CAVNFGGGKLIF	AAGIGILTV	26717	TRA
CVVNIYDFGNEKLTF	NLVPMVATV	26719	TRA
CAARANNARLMF	NLVPMVATV	26720	TRA
CATNTGNQFYF	NLVPMVATV	26721	TRA
CAGGGSSNTGKLIF	NLVPMVATV	26724	TRA
CALNQAGTALIF	NLVPMVATV	26725	TRA
CAGGGSSNTGKLIF	NLVPMVATV	26726	TRA
CAGPIPPGNEKLTF	NLVPMVATV	26727	TRA
CAGPIPPGNEKLTF	NLVPMVATV	26728	TRA
CATDATSDKLIF	NLVPMVATV	26729	TRA
CATDATSDKLIF	NLVPMVATV	26730	TRA
CAVRGTNARLMF	NLVPMVATV	26731	TRA
CAVVPMDSNYQLIW	MVNTVAGAMK	26830	TRA
CVVQPGGYQKVTF	HMTEVVRHC	26831	TRA
CALDIYPHDMRF	HMTEVVRHC	26832	TRA
CAFMGYSGAGSYQLTF	HMTEVVRHC	26833	TRA
CALITGGGNKLTF	VVRHCPHHERCSDSD	26835	TRA
CAWNSGGSNYKLTF	RNTFRHSVVVPCE	26836	TRA
CAVRVWDYKLSF	HYNYMCNSSCMGSMN	26837	TRA
CAVKGDYKLSF	HYNYMCNSSCMGSMN	26838	TRA
CAVYTGGFKTIF	SSCMGGMNWR	26839	TRA
CAFYYGGSQGNLIF	SSCMGGMNWR	26840	TRA
CAVYPGGSQGNLIF	SSCMGGMNWR	26841	TRA
CAVTLSGGYNKLIF	SCMGGMNWRPILTII	26842	TRA
CILRRLNDYKLSF	NSKEETGHLENGN	26843	TRA
CAVEGDTGFQKLVF	VLLGVKLFGV	26844	TRA
CAASLSGGGADGLTF	TLWCSPIKV	26845	TRA
CGADFLMNRDDKIIF	APARLERRHSA	26846	TRA
CAVHRDYKLSF	YHSIEWA	26847	TRA
CAVSADYKLSF	YHSIEWA	26848	TRA
CAVSADYKLSF	YHSIEWA	26849	TRA
CAVPSGSARQLTF	WLIRETQPITK	26850	TRA
CAVIKGYSTLTF	WLIRETQPITK	26851	TRA
CAVKSWSGPGWGNQAGTALIF	GLLDEDFYA	26853	TRA
CVGDFNNAGNMLTF	HQNPVTGLLL	26854	TRA
CAMRERGTSYDKVIF	APARLERRHSA	26855	TRA
CAVRDNYGQNFVF	RVSTLRVSL	26856	TRA
CAASGISGSRLTF	SYMIMEIE	26857	TRA
CAVRSAAAGNKLTF	GEEDGAGGHSL	26858	TRA
CATDPSYSSASKIIF	APARLERRHSA	26861	TRA
CVVSAAQAGTALIF	DPPALASTNAEVT	26862	TRA
CAMSAGANTGNQFYF	DPPALASTNAEVT	26863	TRA
CILRAPSGNTPLVF	DPPALASTNAEVT	26864	TRA
CVVSPSGGSYIPTF	DPPALASTNAEVT	26865	TRA
CALSDPQIKAAGNKLTF	DPPALASTNAEVT	26866	TRA
CAVAPSQAGTALIF	DPPALASTNAEVT	26867	TRA
CAFMKRTNRDDKIIF	DPPALASTNAEVT	26868	TRA
CAVGTSYDKVIF	MPYGYVLNEF	26869	TRA
CVVFTGGGNKLTF	GYNSYSVSNSEKHIM	26870	TRA
CVVFGGNNARLMF	GYNSYSVSNSEKHIM	26871	TRA
CAVGRSNSGGYQKVTF	GAVGVGKSAL	26872	TRA
CAVTVVNAGNNRKLIW	GAVGVGKSAL	26873	TRA
CAVSVNTDKLIF	YVMAYVMAGVGS	26874	TRA
CAAAMDSSYKLIF	GADGVGKSAL	26875	TRA
CAMRRWWDSNYQLIW	KALARALKEGRIR	26876	TRA
CASTAGPNFGNEKLTF	FGDVGSTLF	26877	TRA
CAVTPNSGGYQKVTF	NHVVDISKSGLITIA	26878	TRA
CAVRDRGTGGFKTIF	ELLVRINRL	26879	TRA
CAPSYSSASKIIF	MLFSHGLVK	26880	TRA
CAMSGYTNAGKSTF	EMLFSHGLVK	26881	TRA
CAMREDNNARLMF	TLREIRRYQK	26882	TRA
CAFMWGLGQNFVF	WSYDSTLLAY	26883	TRA
CAVRRGNNDMRF	GDFGLATEKSRWSGS	26884	TRA
CIVRAYSGYSTLTF	GDFGLATEKSRWSGS	26885	TRA
CAVTSNAGKSTF	GDFGLATEKSRWSGS	26886	TRA
CILPLAGGTSYGKLTF	FLRGRAYGL	26890	TRA
CILPLAGGTSYGKLTF	FLRGRAYGL	26891	TRA
CILPLAGGTSYGKLTF	FLRGRAYGL	26892	TRA
CILPLAGGTSYGKLTF	FLRGRAYGL	26893	TRA
CILPLAGGTSYGKLTF	FLRGRAYGL	26894	TRA
CAASVRGSTLGRLYF	DFHFEVFNFVPCSI	26903	TRA
CAVSGGRGSTLGRLYF	DFHFEVFNFVPCSI	26904	TRA
CAASVRGSTLGRLYF	DFHFEVFNFVPCSI	26905	TRA
CAYRSNNFNKFYF	DFHFEVFNFVPCSI	26906	TRA
CAASVRGSTLGRLYF	DFHFEVFNFVPCSI	26907	TRA
CAVEERTGGFKTIF	DFHFEVFNFVPCSI	26908	TRA
CAVSGGRGSTLGRLYF	DFHFEVFNFVPCSI	26909	TRA
CLVGDLGANAGNMLTF	FNNFTVSFWLRVPKVSASHLE	26910	TRA
CLVGDLGANAGNMLTF	FNNFTVSFWLRVPKVSASHLE	26911	TRA
CAVALYGGATNKLIF	FNNFTVSFWLRVPKVSASHLE	26912	TRA
CAGRSGGSNYKLTF	FNNFTVSFWLRVPKVSASHLE	26913	TRA
CALSEAGTYKYIF	VVVGAVGVGK	26914	TRA
CAVNPPDTGFQKLVF	VVVGAVGVGK	26915	TRA
CLVGDFNSNSGYALNF	GARGVGKSAL	26916	TRA
CALLQGAQKLVF	MTEYKLVVVGAVGVGKSALTIQLI	26917	TRA
CAAEAGNHRGSTLGRLYF	VVVGADGVGK	26919	TRA
CAVNPKYTGGFKTIF	AVGVGKSAL	26920	TRA
CAEYIQGAQKLVF	AVGVGKSAL	26921	TRA
CAMRANTDKLIF	MTEYKLVVVGAGDVGKSALTIQLI	26922	TRA
CAMRANTDKLIF	MTEYKLVVVGAGDVGKSALTIQLI	26923	TRA
CAMRGASQGGSEKLVF	VVGAVGVGK	26924	TRA
CAASTGGGNKLTF	MTEYKLVVVGAVGVGKSALTIQLI	26925	TRA
CAVEGAGSYQLTF	MTEYKLVVVGARGVGKSALTIQLI	26926	TRA
CAASGNTGTASKLTF	MTEYKLVVVGARGVGKSALTIQLI	26927	TRA
CAGPRFTSGTYKYIF	GVYALIAGA	26928	TRA
CAMIRGADGLTF	GVYALIAGA	26929	TRA
CAVPWGGNTGKLIF	GVYALIAGA	26930	TRA
CAVPWGGNTGKLIF	GVYALIAGA	26931	TRA
CIVSRARLMF	GVYALIAGA	26932	TRA
CAVGGRASGSARQLTF	LLEFYLAMPFATP	26947	TRA
CAASNRFSGGYNKLIF	LLEFYLAMPFATP	26948	TRA
CAERAGTASKLTF	LLEFYLAMPFATP	26949	TRA
CAVKKSSGSARQLTF	LLEFYLAMPFATP	26951	TRA
CAAISNAGGTSYGKLTF	LLEFYLAMPFATP	26952	TRA
CAPVSNAGKSTF	LLEFYLAMPFATP	26954	TRA
CAASRNFGNEKLTF	LLEFYLAMPFATP	26955	TRA
CAGPYTGANSKLTF	LLEFYLAMPFATP	26956	TRA
CAASSPSGGYQKVTF	LLEFYLAMPFATP	26957	TRA
CASISNTGNQFYF	LLEFYLAMPFATP	26958	TRA
CAEYSGAGSYQLTF	LLEFYLAMPFATP	26959	TRA
CVVIGPFNDYKLSF	RLPGVLPRA	26990	TRA
CAFMKHEDTGGNTPLVF	RLPGVLPRA	26991	TRA
CAFDRGSSNAGKLIF	LLIRWQHFL	26992	TRA
CAGLPYGQNFVF	AALPILFQV	26993	TRA
CATDKGSGGSNYKLTF	ALLLQLFTL	26994	TRA
CAALGGDKIIF	ALLPGLPAA	26995	TRA
CAVRNTGNQFYF	ALLPGLPAA	26996	TRA
CAAPGNYGQNFVF	ALLPGLPAA	26997	TRA
CAGIVRDDKIIF	ALLPGLPAA	26998	TRA
CAFLQGGSEKLVF	RLPGVLPRA	26999	TRA
CAFMKHEDSGAGSYQLTF	RLPGVLPRA	27000	TRA
CVGGGGSNYKLTF	RLPGVLPRA	27001	TRA
CAPSLMDTGRRALTF	RLPGVLPRA	27002	TRA
CASGLPDTPLVF	RLPGVLPRA	27003	TRA
CAFFEYDNNARLMF	RLPGVLPRA	27005	TRA
CALSDRDGGTSYGKLTF	RLPGVLPRA	27006	TRA
CAVPLRADLTKLVF	RLPGVLPRA	27007	TRA
CALTEVDSSYKLIF	RLPGVLPRA	27008	TRA
CALSEATSGTYKYIF	RLPGVLPRA	27009	TRA
CAMRAFGNEKLTF	RLGEVRHPV	27010	TRA
CALSEAGTYKYIF	VVVGAVGVGK	27015	TRA
CAVNPPDTGFQKLVF	VVVGAVGVGK	27016	TRA
CLVGDFNSNSGYALNF	GARGVGKSAL	27017	TRA
CALPREYGNKLVF	AALALLLLDRLNQLE	27018	TRA
CAASWGSSNTGKLIF	AALALLLLDRLNQLE	27019	TRA
CALSEASGGSYIPTF	AALALLLLDRLNQLE	27020	TRA
CAGQNYGGSQGNLIF	NCTFEYVSQPFLMDL	27021	TRA
CAGQNYGGSQGNLIF	NCTFEYVSQPFLMDL	27022	TRA
CAGQNYGGSQGNLIF	NCTFEYVSQPFLMDL	27023	TRA
CAGQNYGGSQGNLIF	NCTFEYVSQPFLMDL	27024	TRA
CAGQNYGGSQGNLIF	NCTFEYVSQPFLMDL	27025	TRA
CAGQNYGGSQGNLIF	NCTFEYVSQPFLMDL	27026	TRA
CAGQNYGGSQGNLIF	NCTFEYVSQPFLMDL	27027	TRA
CAGMNYGGSQGNLIF	NCTFEYVSQPFLMDL	27028	TRA
CAGMNYGGSQGNLIF	NCTFEYVSQPFLMDL	27029	TRA
CAGMNYGGSQGNLIF	NCTFEYVSQPFLMDL	27030	TRA
CAGMNYGGSQGNLIF	NCTFEYVSQPFLMDL	27031	TRA
CAGMNYGGSQGNLIF	NCTFEYVSQPFLMDL	27032	TRA
CAGLNYGGSQGNLIF	NCTFEYVSQPFLMDL	27033	TRA
CAGYNSGGSNYKLTF	NCTFEYVSQPFLMDL	27034	TRA
CAGQLYKAAGNKLTF	NCTFEYVSQPFLMDL	27035	TRA
CAYRTLGGGGSNYKLTF	NCTFEYVSQPFLMDL	27036	TRA
CILRDVSGGGSNYKLTF	RISNCVADYSVLYNS	27037	TRA
CILRSSSGGGSNYKLTF	RISNCVADYSVLYNS	27038	TRA
CAVSQGGSEKLVF	RISNCVADYSVLYNS	27039	TRA
CAVNQGGSEKLVF	RISNCVADYSVLYNS	27040	TRA
CAMKEASGTYKYIF	RISNCVADYSVLYNS	27041	TRA
CVVSVGGGGADGLTF	RISNCVADYSVLYNS	27042	TRA
CAATLFSGTYKYIF	RISNCVADYSVLYNS	27043	TRA
CAVGYSSASKIIF	VGGNYNYLYRLFRKS	27044	TRA
CAVNTGGFKTIF	VGGNYNYLYRLFRKS	27045	TRA
CAAALNTNAGKSTF	VGGNYNYLYRLFRKS	27046	TRA
CAVSEISGTYKYIF	VGGNYNYLYRLFRKS	27047	TRA
CAVSLKDSSYKLIF	VGGNYNYLYRLFRKS	27048	TRA
CATDRGNMLTF	VGGNYNYLYRLFRKS	27049	TRA
CAVMNTGFQKLVF	VGGNYNYLYRLFRKS	27050	TRA
CALPNTGFQKLVF	VGGNYNYLYRLFRKS	27051	TRA
CAVRDGQNFVF	VGGNYNYLYRLFRKS	27052	TRA
CAAREDSSYKLIF	VGGNYNYLYRLFRKS	27053	TRA
CVVTPTPFSGGYNKLIF	NNSYECDIPIGAGIC	27054	TRA
CALWNSGNTPLVF	NNSYECDIPIGAGIC	27055	TRA
CAGVVSGTYKYIF	NNSYECDIPIGAGIC	27056	TRA
CAAALNTNAGKSTF	NNSYECDIPIGAGIC	27057	TRA
CALSGRNYGQNFVF	NNSYECDIPIGAGIC	27058	TRA
CILRAYSGAGSYQLTF	NFSQILPDPSKPSKR	27059	TRA
CIAHMYDSNYQLIW	NFSQILPDPSKPSKR	27060	TRA
CAALGGGYKLSF	NFSQILPDPSKPSKR	27061	TRA
CAVPSSGGSYIPTF	NFSQILPDPSKPSKR	27062	TRA
CAVEDPGTYKYIF	NFSQILPDPSKPSKR	27063	TRA
CAVTGSSNTGKLIF	NFSQILPDPSKPSKR	27064	TRA
CATDAGSNYKLTF	HWFVTQRNFYEPQII	27065	TRA
CATDRGSNYKLTF	HWFVTQRNFYEPQII	27066	TRA
CATADSGGSNYKLTF	HWFVTQRNFYEPQII	27067	TRA
CAYRSHNSGNTPLVF	HWFVTQRNFYEPQII	27068	TRA
CAVSQGGSEKLVF	HWFVTQRNFYEPQII	27069	TRA
CALTHLQGAQKLVF	HWFVTQRNFYEPQII	27071	TRA
CALWNSGNTPLVF	HWFVTQRNFYEPQII	27072	TRA
CALTDNTNAGKSTF	HWFVTQRNFYEPQII	27073	TRA
CLVGEESGGNTPLVF	HWFVTQRNFYEPQII	27074	TRA
CIVRVTSDQTGANNLFF	HWFVTQRNFYEPQII	27075	TRA
CAGPRSGGGADGLTF	HWFVTQRNFYEPQII	27076	TRA
CLVGYSNYGGSQGNLIF	HWFVTQRNFYEPQII	27077	TRA
CAVSGVYSGNTPLVF	HWFVTQRNFYEPQII	27078	TRA
CAVGGSQGNLIF	HWFVTQRNFYEPQII	27079	TRA
CAAEGGGGNKLTF	HWFVTQRNFYEPQII	27080	TRA
CAYRSVPLNRDDKIIF	KTFPPTEPK	27081	TRA
CAASGEYNNNDMRF	KTFPPTEPK	27082	TRA
CARNTGNQFYF	NLVPMVATV	27091	TRA
CASNTGNQFYF	NLVPMVATV	27094	TRA
CASTYSGAGSYQLTF	KLSALGINAV	27099	TRA
CAVEEDTGRRALTF	KLSALGINAV	27102	TRA
CAWRGGGGADGLTF	KLSALGINAV	27105	TRA
CAMREGEGGTSYGKLTF	KLSALGINAV	27106	TRA
CVVKSDSYIPTF	KLSALGINAV	27117	TRA
CILPLAGGTSYGKLTF	FLRGRAYGL	27235	TRA
CIVWGGYQKVTF	EENLLDFVRF	27236	TRA
CAYRSARDSSYKLIF	TPRVTGGGAM	27237	TRA
CATVLRMDSSYKLIF	TPRVTGGGAM	27238	TRA
CAENMGYGNKLVF	ELRRKMMYM	27239	TRA
CVGNSYGQNFVF	QIKVRVDMV	27244	TRA
CAVNDYGQNFVF	QIKVRVDMV	27245	TRA
CAVNDQGGGADGLTF	RMFPNAPYL	27251	TRA
CAVSEGGDYKLSF	RMFPNAPYL	27252	TRA
CAMSLYYGGSQGNLIF	KIFGSLAFL	27253	TRA
CAASIGDFGNEKLTF	RPHERNGFTVL	27254	TRA
CAEDNNARLMF	GLCTLVAML	27377	TRA
CAEDNNARLMF	GLCTLVAML	27378	TRA
CAESTGKLIF	GLCTLVAML	27385	TRA
CAFMKDAGGTSYGKLTF	GILGFVFTL	27525	TRA
CAVNRDDKIIF	YLQPRTFLL	28859	TRA
CAAIGGSTLGRLYF	FTSDYYQLY	29075	TRA
CAVGDGNNRLAF	PTDNYITTY	29076	TRA
CAMRRPGANNLFF	ALWEIQQVV	29078	TRA
CGTESPGNNDMRF	FLLNKEMYL	29079	TRA
CAVRNMDSNYQLIW	GLMWLSYFV	29080	TRA
CAYMDNNDMRF	KLWAQCVQL	29081	TRA
CVVNNAGNMLTF	YLQPRTFLL	29083	TRA
CAGRTFDKIIF	NYMPYFFTL	29084	TRA
CAFTNYNQGGKLIF	QYIKWPWYI	29085	TRA
CLVGDTDKLIF	VYAWNRKRI	29086	TRA
CAVKGNQAGTALIF	VYFLQSINF	29087	TRA
CVVNPTGTASKLTF	VYIGDPAQL	29088	TRA
CVVNSGNKLVF	YYTSNPTTF	29089	TRA
CATDEGGSEKLVF	KPRQKRTAT	29090	TRA
CAARYSGNTPLVF	RIRGGDGKM	29091	TRA
CAAGRDDKIIF	SPRWYFYYL	29092	TRA
CAVIGGSSNTGKLIF	SPRWYFYYL	29094	TRA
CAVSPTGTASKLTF	SPRWYFYYL	29095	TRA
CAMSANKGGYNKLIF	SPRWYFYYL	29096	TRA
CAVVTPPARLMF	SPRWYFYYL	29097	TRA
CAATSGTYKYIF	SPRWYFYYL	29098	TRA
CAISNFNAGNMLTF	SPRWYFYYL	29100	TRA
CAVNRDDKIIF	YLQPRTFLL	29101	TRA
CALSAPYSGGGADGLTF	YLQPRTFLL	29102	TRA
CVVNIPQAGTALIF	YLQPRTFLL	29110	TRA
CAEILDFGNEKLTF	YLQPRTFLL	29119	TRA
CAVRDKNTDKLIF	YLQPRTFLL	29120	TRA
CAEILDFGNEKLTF	YLQPRTFLL	29129	TRA
CVVNIPQAGTALIF	YLQPRTFLL	29130	TRA
CAVRDKNTDKLIF	YLQPRTFLL	29131	TRA
CVVNVVDDMRF	YLQPRTFLL	29132	TRA
CALMSARLMF	YLQPRTFLL	29133	TRA
CAVIPDFGNEKLTF	YLQPRTFLL	29134	TRA
CVVNRNNDMRF	YLQPRTFLL	29135	TRA
CVVNKGNDMRF	YLQPRTFLL	29136	TRA
CAMREAPFAYSGAGSYQLTF	YLQPRTFLL	29137	TRA
CALVGNQFYF	YLQPRTFLL	29138	TRA
CAVNRDDKIIF	YLQPRTFLL	29139	TRA
CVVNSFDDMRF	YLQPRTFLL	29140	TRA
CAMRGAGNEKLTF	YLQPRTFLL	29141	TRA
CATDAGPEKLVF	SPRWYFYYL	29164	TRA
CAVRDYNNARLMF	SPRWYFYYL	29168	TRA
CATDAGPEKLVF	SPRWYFYYL	29175	TRA
CAMREGRSARLMF	SPRWYFYYL	29176	TRA
CAALPSADYKLSF	SPRWYFYYL	29187	TRA
CAVQGQNSGGYQKVTF	SPRWYFYYL	29188	TRA
CALSVGNQGGKLIF	SPRWYFYYL	29189	TRA
CVGRDTGRRALTF	SPRWYFYYL	29190	TRA
CACLTGTASKLTF	SPRWYFYYL	29205	TRA
CAITGGFKTIF	SPRWYFYYL	29206	TRA
CVVNGRDARLMF	SPRWYFYYL	29207	TRA
CAALAGTASKLTF	SPRWYFYYL	29242	TRA
CADPNTGNQFYF	SPRWYFYYL	29245	TRA
CVVVRMDSSYKLIF	NYNYLYRLF	29246	TRA
CIVYNKLIF	NYNYLYRLF	29247	TRA
CVVNMLYSGGSNYKLTF	NYNYLYRLF	29248	TRA
CAESMMEAAGNKLTF	NYNYLYRLF	29249	TRA
CAEMNSGYSTLTF	NYNYLYRLF	29250	TRA
CAARPEPTSTGTALIF	NYNYLYRLF	29251	TRA
CVVNDLVDSNYQLIW	NYNYLYRLF	29252	TRA
CAVSEVGNKLTF	QYIKWPWYI	29253	TRA
CVPNTGGFKTIF	QYIKWPWYI	29254	TRA
CATEARMDSSYKLIF	QYIKWPWYI	29255	TRA
CVVIEGNKLVF	QYIKWPWYI	29256	TRA
CALRARGSTLGRLYF	QYIKWPWYI	29257	TRA
CAVDTGTASKLTF	QYIKWPWYI	29258	TRA
CALSYSSASKIIF	QYIKWPWYI	29259	TRA
CAARSGNTPLVF	QYIKWPWYI	29260	TRA
CAVRHTNAGKSTF	QYIKWPWYI	29261	TRA
CAFLNAGGTSYGKLTF	QYIKWPWYI	29262	TRA
CAVYNQGGKLIF	QYIKWPWYI	29263	TRA
CAVRALYNFNKFYF	QYIKWPWYI	29264	TRA
CAVESYNTDKLIF	QYIKWPWYI	29265	TRA
CAMREGQGNAGNMLTF	QYIKWPWYI	29266	TRA
